match_id,match_size,mutual_match,countyid_1,County_name_1,State_1,total_workers2022_1,countyid_2,County_name_2,State_2,total_workers2022_2,countyid_3,County_name_3,State_3,total_workers2022_3,RUCC_2013,Economic_Type_Label,Low_Education_2015_Update,max_labor_force_gap,match_tier
1,2,True,32029,Storey County,NV,1752.1090017501265,13053,Chattahoochee County,GA,4282.560180727392,,,,,2,Nonspecialized,0,2530.451178977266,rucc_econtype_lowed
2,2,True,5105,Perry County,AR,4401.2343951302755,48351,Newton County,TX,4569.708014339209,,,,,2,Nonspecialized,0,168.4736192089331,rucc_econtype_lowed
3,2,True,53051,Pend Oreille County,WA,4978.574810413644,22091,St. Helena Parish,LA,5058.493199154036,,,,,2,Nonspecialized,0,79.9183887403924,rucc_econtype_lowed
4,2,True,49023,Juab County,UT,5251.149198713203,35057,Torrance County,NM,5580.527878933586,,,,,2,Nonspecialized,0,329.3786802203831,rucc_econtype_lowed
5,2,True,49029,Morgan County,UT,6141.53301685187,47153,Sequatchie County,TN,6440.75459985435,,,,,2,Nonspecialized,0,299.22158300247975,rucc_econtype_lowed
6,2,True,51520,Bristol city,VA,6971.08082408458,17131,Mercer County,IL,7163.970363780856,,,,,2,Nonspecialized,0,192.8895396962762,rucc_econtype_lowed
7,2,True,13083,Dade County,GA,7170.358185328543,5053,Grant County,AR,7341.078305344716,,,,,2,Nonspecialized,0,170.7201200161726,rucc_econtype_lowed
8,2,True,51011,Appomattox County,VA,7391.58469456248,16045,Gem County,ID,8004.7806304991245,,,,,2,Nonspecialized,0,613.1959359366447,rucc_econtype_lowed
9,2,True,31159,Seward County,NE,8222.590489400834,22077,Pointe Coupee Parish,LA,8406.127473279834,,,,,2,Nonspecialized,0,183.5369838789993,rucc_econtype_lowed
10,2,True,19121,Madison County,IA,8567.696788996458,37115,Madison County,NC,8774.150628396295,,,,,2,Nonspecialized,0,206.4538393998373,rucc_econtype_lowed
11,2,True,48281,Lampasas County,TX,9107.926000834967,19105,Jones County,IA,9692.25614980905,,,,,2,Nonspecialized,0,584.3301489740843,rucc_econtype_lowed
12,2,True,45039,Fairfield County,SC,9822.171684741974,20191,Sumner County,KS,9864.363632977009,,,,,2,Nonspecialized,0,42.19194823503494,rucc_econtype_lowed
13,2,True,31177,Washington County,NE,10239.020860254765,31155,Saunders County,NE,10939.521361959465,,,,,2,Nonspecialized,0,700.5005017047006,rucc_econtype_lowed
14,2,True,22121,West Baton Rouge Parish,LA,11014.549976348877,55049,Iowa County,WI,11588.591703911778,,,,,2,Nonspecialized,0,574.0417275629006,rucc_econtype_lowed
15,2,True,47115,Marion County,TN,11732.76779217615,51775,Salem city,VA,11820.098281904124,,,,,2,Nonspecialized,0,87.33048972797405,rucc_econtype_lowed
16,2,True,28127,Simpson County,MS,12256.036223057075,39019,Carroll County,OH,12300.91016503601,,,,,2,Nonspecialized,0,44.873941978934454,rucc_econtype_lowed
17,2,True,19011,Benton County,IA,12342.31993498181,29167,Polk County,MO,12605.707291543484,,,,,2,Nonspecialized,0,263.3873565616741,rucc_econtype_lowed
18,2,True,21239,Woodford County,KY,12678.13813685393,31025,Cass County,NE,13055.83049249139,,,,,2,Nonspecialized,0,377.6923556374604,rucc_econtype_lowed
19,2,True,21089,Greenup County,KY,13061.420432418585,51023,Botetourt County,VA,14822.164407417113,,,,,2,Nonspecialized,0,1760.7439749985278,rucc_econtype_lowed
20,2,True,40111,Okmulgee County,OK,14842.650103387947,40135,Sequoyah County,OK,15488.433161616325,,,,,2,Nonspecialized,0,645.7830582283786,rucc_econtype_lowed
21,2,True,27017,Carlton County,MN,15771.9344682698,22119,Webster Parish,LA,15881.253918532282,,,,,2,Nonspecialized,0,109.31945026248286,rucc_econtype_lowed
22,2,True,20079,Harvey County,KS,16277.02279022336,53065,Stevens County,WA,17246.556632862426,,,,,2,Nonspecialized,0,969.5338426390663,rucc_econtype_lowed
23,2,True,21049,Clark County,KY,17249.84100829903,37197,Yadkin County,NC,17328.21444606781,,,,,2,Nonspecialized,0,78.3734377687797,rucc_econtype_lowed
24,2,True,37145,Person County,NC,17432.76750292303,21019,Boyd County,KY,17525.94486504793,,,,,2,Nonspecialized,0,93.17736212490126,rucc_econtype_lowed
25,2,True,29225,Webster County,MO,17691.964981327474,55045,Green County,WI,18140.952174277278,,,,,2,Nonspecialized,0,448.987192949804,rucc_econtype_lowed
26,2,True,40079,Le Flore County,OK,18567.589904785156,37169,Stokes County,NC,19334.633073751,,,,,2,Nonspecialized,0,767.0431689658435,rucc_econtype_lowed
27,2,True,37059,Davie County,NC,19887.85700005293,13029,Bryan County,GA,21773.61334642768,,,,,2,Nonspecialized,0,1885.7563463747501,rucc_econtype_lowed
28,2,True,51191,Washington County,VA,21836.901844464213,39087,Lawrence County,OH,22044.129113852978,,,,,2,Nonspecialized,0,207.2272693887644,rucc_econtype_lowed
29,2,True,47145,Roane County,TN,22225.375123620033,17073,Henry County,IL,22481.924758434296,,,,,2,Nonspecialized,0,256.5496348142624,rucc_econtype_lowed
30,2,True,42099,Perry County,PA,22520.00229542493,47105,Loudon County,TN,22804.40170094013,,,,,2,Nonspecialized,0,284.39940551519976,rucc_econtype_lowed
31,2,True,21113,Jessamine County,KY,22858.565786255058,26027,Cass County,MI,23076.136463904113,,,,,2,Nonspecialized,0,217.57067764905514,rucc_econtype_lowed
32,2,True,54079,Putnam County,WV,23108.695332854986,51067,Franklin County,VA,24035.504616320133,,,,,2,Nonspecialized,0,926.809283465147,rucc_econtype_lowed
33,2,True,48199,Hardin County,TX,24722.191043138504,1001,Autauga County,AL,25281.957900249996,,,,,2,Nonspecialized,0,559.7668571114918,rucc_econtype_lowed
34,2,True,51031,Campbell County,VA,25958.416226625908,19181,Warren County,IA,25960.832660734653,,,,,2,Nonspecialized,0,2.4164341087453067,rucc_econtype_lowed
35,2,True,48409,San Patricio County,TX,27085.630104362965,45055,Kershaw County,SC,28859.555642068386,,,,,2,Nonspecialized,0,1773.9255377054214,rucc_econtype_lowed
36,2,True,26117,Montcalm County,MI,29042.63335196895,13047,Catoosa County,GA,29941.010847999074,,,,,2,Nonspecialized,0,898.3774960301234,rucc_econtype_lowed
37,2,True,21047,Christian County,KY,30197.55385297269,18173,Warrick County,IN,30517.61769092083,,,,,2,Nonspecialized,0,320.0638379481388,rucc_econtype_lowed
38,2,True,35061,Valencia County,NM,30767.482211112976,40037,Creek County,OK,30945.96943962574,,,,,2,Nonspecialized,0,178.48722851276398,rucc_econtype_lowed
39,2,True,36053,Madison County,NY,31585.792905390263,20015,Butler County,KS,32043.473941527307,,,,,2,Nonspecialized,0,457.68103613704443,rucc_econtype_lowed
40,2,True,26159,Van Buren County,MI,33808.13797358435,37037,Chatham County,NC,34068.63341836809,,,,,2,Nonspecialized,0,260.4954447837372,rucc_econtype_lowed
41,2,True,5085,Lonoke County,AR,35259.098869590554,51019,Bedford County,VA,36429.93058482371,,,,,2,Nonspecialized,0,1170.8317152331583,rucc_econtype_lowed
42,2,True,51680,Lynchburg city,VA,36822.622754991986,40145,Wagoner County,OK,36938.169959350984,,,,,2,Nonspecialized,0,115.54720435899799,rucc_econtype_lowed
43,2,True,54011,Cabell County,WV,37478.81934905052,26037,Clinton County,MI,39223.305118640565,,,,,2,Nonspecialized,0,1744.4857695900428,rucc_econtype_lowed
44,2,True,1051,Elmore County,AL,39678.323269099,41053,Polk County,OR,39899.64696599596,,,,,2,Nonspecialized,0,221.32369689696498,rucc_econtype_lowed
45,2,True,29043,Christian County,MO,40206.93603274599,51161,Roanoke County,VA,43031.605387782154,,,,,2,Nonspecialized,0,2824.669355036167,rucc_econtype_lowed
46,2,True,19155,Pottawattamie County,IA,43263.12030017376,40131,Rogers County,OK,43982.52815931942,,,,,2,Nonspecialized,0,719.4078591456637,rucc_econtype_lowed
47,2,True,12035,Flagler County,FL,44702.48796868324,42085,Mercer County,PA,46548.09113173956,,,,,2,Nonspecialized,0,1845.6031630563157,rucc_econtype_lowed
48,2,True,51770,Roanoke city,VA,46719.80945495656,24045,Wicomico County,MD,47869.15240752697,,,,,2,Nonspecialized,0,1149.3429525704123,rucc_econtype_lowed
49,2,True,28089,Madison County,MS,49283.49622839031,37089,Henderson County,NC,50170.038562929025,,,,,2,Nonspecialized,0,886.5423345387171,rucc_econtype_lowed
50,2,True,19049,Dallas County,IA,53355.0806048481,26045,Eaton County,MI,54104.4496120743,,,,,2,Nonspecialized,0,749.3690072261961,rucc_econtype_lowed
51,2,True,22015,Bossier Parish,LA,55290.64297182898,36075,Oswego County,NY,55875.01801843176,,,,,2,Nonspecialized,0,584.3750466027777,rucc_econtype_lowed
52,2,True,34041,Warren County,NJ,56220.77012545662,5125,Saline County,AR,57892.9500044561,,,,,2,Nonspecialized,0,1672.1798789994791,rucc_econtype_lowed
53,2,True,5045,Faulkner County,AR,58895.41932220408,9015,Windham County,CT,58935.00445032539,,,,,2,Nonspecialized,0,39.585128121310845,rucc_econtype_lowed
54,2,True,47009,Blount County,TN,63091.5789937973,22005,Ascension Parish,LA,63093.931162109366,,,,,2,Nonspecialized,0,2.3521683120634407,rucc_econtype_lowed
55,2,True,22063,Livingston Parish,LA,66060.73264939466,17161,Rock Island County,IL,66920.0,,,,,2,Nonspecialized,0,859.2673506053397,rucc_econtype_lowed
56,2,True,24043,Washington County,MD,69683.4745430213,48381,Randall County,TX,71571.0,,,,,2,Nonspecialized,0,1887.5254569787066,rucc_econtype_lowed
57,2,True,28121,Rankin County,MS,74202.80654021085,45003,Aiken County,SC,74411.27257174253,,,,,2,Nonspecialized,0,208.4660315316869,rucc_econtype_lowed
58,2,True,37057,Davidson County,NC,74429.07473827148,13073,Columbia County,GA,75434.50911358744,,,,,2,Nonspecialized,0,1005.4343753159628,rucc_econtype_lowed
59,2,True,36093,Schenectady County,NY,77157.28829038143,45035,Dorchester County,SC,80628.7105511945,,,,,2,Nonspecialized,0,3471.422260813066,rucc_econtype_lowed
60,2,True,36083,Rensselaer County,NY,80849.91030001671,17143,Peoria County,IL,82518.98694511924,,,,,2,Nonspecialized,0,1669.0766451025265,rucc_econtype_lowed
61,2,True,19163,Scott County,IA,85940.24597740173,12113,Santa Rosa County,FL,86466.73639035225,,,,,2,Nonspecialized,0,526.4904129505157,rucc_econtype_lowed
62,2,True,18163,Vanderburgh County,IN,87505.5709054186,36007,Broome County,NY,87625.08754312247,,,,,2,Nonspecialized,0,119.51663770386949,rucc_econtype_lowed
63,2,True,13215,Muscogee County,GA,92630.39981240034,53005,Benton County,WA,94493.87493270265,,,,,2,Nonspecialized,0,1863.4751203023043,rucc_econtype_lowed
64,2,True,28047,Harrison County,MS,95629.0,22017,Caddo Parish,LA,98536.19648238618,,,,,2,Nonspecialized,0,2907.196482386178,rucc_econtype_lowed
65,2,True,42069,Lackawanna County,PA,99923.63347532507,39099,Mahoning County,OH,102627.35282558484,,,,,2,Nonspecialized,0,2703.7193502597656,rucc_econtype_lowed
66,2,True,31153,Sarpy County,NE,103489.55019509792,48245,Jefferson County,TX,104335.0,,,,,2,Nonspecialized,0,845.4498049020767,rucc_econtype_lowed
67,2,True,16027,Canyon County,ID,107384.33273038268,47125,Montgomery County,TN,108426.65664286108,,,,,2,Nonspecialized,0,1042.3239124784013,rucc_econtype_lowed
68,2,True,45015,Berkeley County,SC,112978.25036080182,48309,McLennan County,TX,118916.74591230872,,,,,2,Nonspecialized,0,5938.495551506901,rucc_econtype_lowed
69,2,True,19113,Linn County,IA,120088.77212950564,5143,Washington County,AR,120595.81472154998,,,,,2,Nonspecialized,0,507.04259204433765,rucc_econtype_lowed
70,2,True,42049,Erie County,PA,123363.52488254523,42041,Cumberland County,PA,128506.89792345822,,,,,2,Nonspecialized,0,5143.373040912993,rucc_econtype_lowed
71,2,True,37021,Buncombe County,NC,128522.84011146775,18141,St. Joseph County,IN,130423.30680018291,,,,,2,Nonspecialized,0,1900.4666887151543,rucc_econtype_lowed
72,2,True,26077,Kalamazoo County,MI,132466.00572931784,9011,New London County,CT,135369.65217729914,,,,,2,Nonspecialized,0,2903.6464479813003,rucc_econtype_lowed
73,2,True,55009,Brown County,WI,137377.9442998129,12083,Marion County,FL,139466.99755668742,,,,,2,Nonspecialized,0,2089.0532568745257,rucc_econtype_lowed
74,2,True,5007,Benton County,AR,140084.13850923395,45063,Lexington County,SC,141875.71820554975,,,,,2,Nonspecialized,0,1791.5796963158064,rucc_econtype_lowed
75,2,True,12111,St. Lucie County,FL,143251.98602957092,29077,Greene County,MO,144197.89935851097,,,,,2,Nonspecialized,0,945.9133289400488,rucc_econtype_lowed
76,2,True,13051,Chatham County,GA,145848.307682693,12033,Escambia County,FL,151266.43669998413,,,,,2,Nonspecialized,0,5418.129017291125,rucc_econtype_lowed
77,2,True,42079,Luzerne County,PA,152119.62002480362,48303,Lubbock County,TX,152478.4684035778,,,,,2,Nonspecialized,0,358.84837877418613,rucc_econtype_lowed
78,2,True,42095,Northampton County,PA,153876.69647533447,48355,Nueces County,TX,160207.94482016563,,,,,2,Nonspecialized,0,6331.248344831169,rucc_econtype_lowed
79,2,True,37051,Cumberland County,NC,160933.26092469995,8123,Weld County,CO,167646.82248522108,,,,,2,Nonspecialized,0,6713.561560521135,rucc_econtype_lowed
80,2,True,39151,Stark County,OH,173756.76683754625,47065,Hamilton County,TN,177265.10217059316,,,,,2,Nonspecialized,0,3508.335333046911,rucc_econtype_lowed
81,2,True,1097,Mobile County,AL,177291.40000007633,8013,Boulder County,CO,177322.3500411094,,,,,2,Nonspecialized,0,30.950041033065645,rucc_econtype_lowed
82,2,True,48027,Bell County,TX,178879.34689890005,37067,Forsyth County,NC,179112.7058694709,,,,,2,Nonspecialized,0,233.35897057084367,rucc_econtype_lowed
83,2,True,26049,Genesee County,MI,179453.75622993766,42077,Lehigh County,PA,181541.54078364372,,,,,2,Nonspecialized,0,2087.784553706064,rucc_econtype_lowed
84,2,True,41039,Lane County,OR,181742.8501320962,18003,Allen County,IN,188131.93113708496,,,,,2,Nonspecialized,0,6389.081004988751,rucc_econtype_lowed
85,2,True,39095,Lucas County,OH,203384.96060406417,42011,Berks County,PA,208953.37450772175,,,,,2,Nonspecialized,0,5568.41390365758,rucc_econtype_lowed
86,2,True,25013,Hampden County,MA,213813.0875464885,6095,Solano County,CA,214746.05798732245,,,,,2,Nonspecialized,0,932.9704408339458,rucc_econtype_lowed
87,2,True,36067,Onondaga County,NY,222205.48363730928,42133,York County,PA,228333.16144345832,,,,,2,Nonspecialized,0,6127.677806149033,rucc_econtype_lowed
88,2,True,33011,Hillsborough County,NH,230529.8119982481,12127,Volusia County,FL,235189.88961553574,,,,,2,Nonspecialized,0,4660.077617287636,rucc_econtype_lowed
89,2,True,47093,Knox County,TN,236400.08574615803,16001,Ada County,ID,249745.82987774804,,,,,2,Nonspecialized,0,13345.744131590007,rucc_econtype_lowed
90,2,True,39113,Montgomery County,OH,250466.8578410555,45045,Greenville County,SC,254253.17802440492,,,,,2,Nonspecialized,0,3786.320183349424,rucc_econtype_lowed
91,2,True,53063,Spokane County,WA,254562.13965927437,19153,Polk County,IA,261127.2593514314,,,,,2,Nonspecialized,0,6565.119692157023,rucc_econtype_lowed
92,2,True,37081,Guilford County,NC,261794.33889900264,12009,Brevard County,FL,266863.01580181345,,,,,2,Nonspecialized,0,5068.67690281081,rucc_econtype_lowed
93,2,True,39153,Summit County,OH,267752.26982462255,42071,Lancaster County,PA,269153.46240026096,,,,,2,Nonspecialized,0,1401.1925756384153,rucc_econtype_lowed
94,2,True,31055,Douglas County,NE,297795.45000101766,12105,Polk County,FL,317371.5447889976,,,,,2,Nonspecialized,0,19576.094787979964,rucc_econtype_lowed
95,2,True,49049,Utah County,UT,326315.5532784065,26081,Kent County,MI,341418.087109112,,,,,2,Nonspecialized,0,15102.533830705506,rucc_econtype_lowed
96,2,True,8041,El Paso County,CO,377189.871728364,6111,Ventura County,CA,408385.3084375872,,,,,2,Nonspecialized,0,31195.4367092232,rucc_econtype_lowed
97,2,True,9009,New Haven County,CT,428636.1396068809,25027,Worcester County,MA,437236.54760528833,,,,,2,Nonspecialized,0,8600.407998407434,rucc_econtype_lowed
98,3,True,4019,Pima County,AZ,464614.1549503894,9001,Fairfield County,CT,478869.6098230821,51515,Bedford City,VA,,2,Nonspecialized,0,14255.454872692702,rucc_econtype_lowed
99,2,True,50013,Grand Isle County,VT,3852.0399911254644,13191,McIntosh County,GA,4820.670095399022,,,,,3,Recreation,0,968.6301042735577,rucc_econtype_lowed
100,2,True,37137,Pamlico County,NC,5213.725143663585,30009,Carbon County,MT,5454.146210347768,,,,,3,Recreation,0,240.42106668418273,rucc_econtype_lowed
101,2,True,51125,Nelson County,VA,7054.347776032984,54027,Hampshire County,WV,10756.454791501164,,,,,3,Recreation,0,3702.10701546818,rucc_econtype_lowed
102,2,True,36113,Warren County,NY,30318.77239304781,12131,Walton County,FL,34090.35578673333,,,,,3,Recreation,0,3771.5833936855197,rucc_econtype_lowed
103,2,True,53007,Chelan County,WA,36400.59036009826,5051,Garland County,AR,40425.54597391834,,,,,3,Recreation,0,4024.955613820086,rucc_econtype_lowed
104,2,True,34009,Cape May County,NJ,41387.65842360258,12061,Indian River County,FL,60259.880337726325,,,,,3,Recreation,0,18872.221914123744,rucc_econtype_lowed
105,2,True,25003,Berkshire County,MA,60503.96973514592,12015,Charlotte County,FL,63045.44210784351,,,,,3,Recreation,0,2541.4723726975935,rucc_econtype_lowed
106,2,True,6055,Napa County,CA,65238.55311817088,4015,Mohave County,AZ,74540.7926245961,,,,,3,Recreation,0,9302.23950642522,rucc_econtype_lowed
107,2,True,49053,Washington County,UT,74814.08510049758,15009,Maui County,HI,78020.7197701931,,,,,3,Recreation,0,3206.634669695515,rucc_econtype_lowed
108,2,True,45013,Beaufort County,SC,78379.6265283227,16055,Kootenai County,ID,80395.67640517652,,,,,3,Recreation,0,2016.0498768538237,rucc_econtype_lowed
109,2,True,12005,Bay County,FL,82046.09150958061,36111,Ulster County,NY,82936.20532737668,,,,,3,Recreation,0,890.1138177960675,rucc_econtype_lowed
110,2,True,4025,Yavapai County,AZ,86989.75894744296,41017,Deschutes County,OR,95412.8681002975,,,,,3,Recreation,0,8423.109152854551,rucc_econtype_lowed
111,2,True,1003,Baldwin County,AL,102225.67500000955,25001,Barnstable County,MA,103521.7611826472,,,,,3,Recreation,0,1296.0861826376495,rucc_econtype_lowed
112,2,True,53073,Whatcom County,WA,112174.2961305445,15005,Kalawao County,HI,,,,,,3,Recreation,0,,rucc_econtype_lowed
113,2,True,13065,Clinch County,GA,2615.484903462231,45005,Allendale County,SC,3248.663686130196,,,,,6,Maufacturing,1,633.1787826679647,rucc_econtype_lowed
114,2,True,13109,Evans County,GA,3967.5787958949804,5127,Scott County,AR,4035.8136838561622,,,,,6,Maufacturing,1,68.23488796118181,rucc_econtype_lowed
115,2,True,1011,Bullock County,AL,4052.512605212629,13093,Dooly County,GA,4534.937396362424,,,,,6,Maufacturing,1,482.42479114979506,rucc_econtype_lowed
116,2,True,13193,Macon County,GA,4888.881603553891,51081,Greensville County,VA,5027.018209338188,,,,,6,Maufacturing,1,138.136605784297,rucc_econtype_lowed
117,2,True,5061,Howard County,AR,5223.485193916131,5133,Sevier County,AR,6488.97709740221,,,,,6,Maufacturing,1,1265.4919034860795,rucc_econtype_lowed
118,2,True,12123,Taylor County,FL,7469.017376850941,13205,Mitchell County,GA,8073.7391447126865,,,,,6,Maufacturing,1,604.7217678617453,rucc_econtype_lowed
119,2,True,5149,Yell County,AR,8470.922108015977,47041,DeKalb County,TN,8694.254520505667,,,,,6,Maufacturing,1,223.3324124896899,rucc_econtype_lowed
120,2,True,13105,Elbert County,GA,8766.719963163137,28139,Tippah County,MS,8967.574076384604,,,,,6,Maufacturing,1,200.85411322146683,rucc_econtype_lowed
121,2,True,48057,Calhoun County,TX,9082.77921512723,22007,Assumption Parish,LA,9212.79217773059,,,,,6,Maufacturing,1,130.01296260335948,rucc_econtype_lowed
122,2,True,1005,Barbour County,AL,9535.792112737894,47069,Hardeman County,TN,9918.518398672342,,,,,6,Maufacturing,1,382.72628593444824,rucc_econtype_lowed
123,2,True,1133,Winston County,AL,10134.537327826023,28123,Scott County,MS,10670.304776757956,,,,,6,Maufacturing,1,535.7674489319324,rucc_econtype_lowed
124,2,True,45033,Dillon County,SC,10975.86099267006,13055,Chattooga County,GA,11015.041453748941,,,,,6,Maufacturing,1,39.18046107888222,rucc_econtype_lowed
125,2,True,37123,Montgomery County,NC,11036.765738481809,37017,Bladen County,NC,11123.66193796329,,,,,6,Maufacturing,1,86.89619948148174,rucc_econtype_lowed
126,2,True,45069,Marlboro County,SC,11552.867945849895,48185,Grimes County,TX,11850.96707660635,,,,,6,Maufacturing,1,298.09913075645454,rucc_econtype_lowed
127,2,True,28145,Union County,MS,12710.19882750971,1059,Franklin County,AL,14010.822724595666,,,,,6,Maufacturing,1,1300.6238970859558,rucc_econtype_lowed
128,2,True,45071,Newberry County,SC,16121.711546182632,45025,Chesterfield County,SC,18753.37017649412,,,,,6,Maufacturing,1,2631.658630311489,rucc_econtype_lowed
129,2,True,18087,LaGrange County,IN,18825.787902355194,37061,Duplin County,NC,21325.4840171776,,,,,6,Maufacturing,1,2499.6961148224073,rucc_econtype_lowed
130,3,True,1071,Jackson County,AL,21475.40709479172,1049,DeKalb County,AL,29247.226073114165,51595,Emporia city,VA,,6,Maufacturing,1,7771.818978322444,rucc_econtype_lowed
131,2,True,13149,Heard County,GA,4952.331189677119,1007,Bibb County,AL,7893.912901331249,,,,,1,Nonspecialized,1,2941.5817116541293,rucc_econtype_lowed
132,2,True,13035,Butts County,GA,10723.422861635685,51053,Dinwiddie County,VA,12333.440067127347,,,,,1,Nonspecialized,1,1610.017205491662,rucc_econtype_lowed
133,2,True,28093,Marshall County,MS,13866.478818758158,51730,Petersburg city,VA,14764.161672770977,,,,,1,Nonspecialized,1,897.682854012819,rucc_econtype_lowed
134,2,True,1127,Walker County,AL,26193.922312548137,1009,Blount County,AL,26221.247205178835,,,,,1,Nonspecialized,1,27.32489263069874,rucc_econtype_lowed
135,2,True,13255,Spalding County,GA,28390.592176041566,6069,San Benito County,CA,28458.551163464785,,,,,1,Nonspecialized,1,67.95898742321879,rucc_econtype_lowed
136,2,True,48291,Liberty County,TX,37207.14439858042,36005,Bronx County,NY,626048.077572708,,,,,1,Nonspecialized,1,588840.9331741276,rucc_econtype_lowed
137,3,True,6071,San Bernardino County,CA,1002198.650055992,48113,Dallas County,TX,1304904.737046153,6037,Los Angeles County,CA,4947810.360091565,1,Nonspecialized,1,3945611.710035573,rucc_econtype_lowed
138,2,True,5039,Dallas County,AR,2542.4122018095222,13243,Randolph County,GA,2597.5158087685704,,,,,6,Nonspecialized,0,55.10360695904819,rucc_econtype_lowed
139,2,True,51530,Buena Vista city,VA,2987.1898028850555,54073,Pleasants County,WV,3104.1850040629506,,,,,6,Nonspecialized,0,116.99520117789507,rucc_econtype_lowed
140,2,True,51678,Lexington city,VA,3290.4577886909246,40075,Kiowa County,OK,3632.9246084729384,,,,,6,Nonspecialized,0,342.4668197820138,rucc_econtype_lowed
141,2,True,20027,Clay County,KS,3757.485984426574,20031,Coffey County,KS,3837.367807023227,,,,,6,Nonspecialized,0,79.88182259665336,rucc_econtype_lowed
142,2,True,19117,Lucas County,IA,3860.265217922628,5041,Desha County,AR,3960.179701085406,,,,,6,Nonspecialized,0,99.9144831627782,rucc_econtype_lowed
143,2,True,16009,Benewah County,ID,4059.1500025987625,54089,Summers County,WV,4351.913974930605,,,,,6,Nonspecialized,0,292.7639723318425,rucc_econtype_lowed
144,2,True,20013,Brown County,KS,4375.291912786663,29067,Douglas County,MO,4392.41819499433,,,,,6,Nonspecialized,0,17.126282207667828,rucc_econtype_lowed
145,2,True,16087,Washington County,ID,4392.440507760388,20117,Marshall County,KS,4643.0904978867475,,,,,6,Nonspecialized,0,250.64999012635963,rucc_econtype_lowed
146,2,True,19137,Montgomery County,IA,4658.879993606359,29011,Barton County,MO,4793.705691441894,,,,,6,Nonspecialized,0,134.8256978355348,rucc_econtype_lowed
147,2,True,29123,Madison County,MO,5006.209819465876,46019,Butte County,SD,5086.972803354263,,,,,6,Nonspecialized,0,80.76298388838768,rucc_econtype_lowed
148,2,True,22049,Jackson Parish,LA,5099.862176699564,29139,Montgomery County,MO,5171.647998057306,,,,,6,Nonspecialized,0,71.78582135774195,rucc_econtype_lowed
149,2,True,54103,Wetzel County,WV,5184.650794178247,47101,Lewis County,TN,5201.893878623843,,,,,6,Nonspecialized,0,17.24308444559574,rucc_econtype_lowed
150,2,True,46079,Lake County,SD,5352.044794566929,19165,Shelby County,IA,5422.481727138162,,,,,6,Nonspecialized,0,70.43693257123232,rucc_econtype_lowed
151,2,True,29039,Cedar County,MO,5847.211975574493,39115,Morgan County,OH,5881.964882264612,,,,,6,Nonspecialized,0,34.752906690118834,rucc_econtype_lowed
152,2,True,17125,Mason County,IL,5984.546626362593,48353,Nolan County,TX,5999.078997217119,,,,,6,Nonspecialized,0,14.532370854525652,rucc_econtype_lowed
153,2,True,19029,Cass County,IA,6062.2313886880875,12079,Madison County,FL,6157.466795176268,,,,,6,Nonspecialized,0,95.23540648818016,rucc_econtype_lowed
154,2,True,29117,Livingston County,MO,6167.923418581486,37041,Chowan County,NC,6271.228012263775,,,,,6,Nonspecialized,0,103.30459368228912,rucc_econtype_lowed
155,2,True,17189,Washington County,IL,6297.470713701601,5037,Cross County,AR,6311.1197290086275,,,,,6,Nonspecialized,0,13.649015307026275,rucc_econtype_lowed
156,2,True,1057,Fayette County,AL,6320.869009166956,20011,Bourbon County,KS,6433.673414230347,,,,,6,Nonspecialized,0,112.80440506339073,rucc_econtype_lowed
157,2,True,31185,York County,NE,6591.214718066156,19005,Allamakee County,IA,6702.480013214052,,,,,6,Nonspecialized,0,111.26529514789581,rucc_econtype_lowed
158,2,True,21161,Mason County,KY,6751.877704285085,27113,Pennington County,MN,6832.529193446477,,,,,6,Nonspecialized,0,80.65148916139151,rucc_econtype_lowed
159,2,True,19145,Page County,IA,6855.678882241249,18159,Tipton County,IN,7054.687165886164,,,,,6,Nonspecialized,0,199.00828364491463,rucc_econtype_lowed
160,2,True,5075,Lawrence County,AR,7081.93457962852,54091,Taylor County,WV,7082.728511430323,,,,,6,Nonspecialized,0,0.79393180180341,rucc_econtype_lowed
161,2,True,5047,Franklin County,AR,7298.506585353985,21079,Garrard County,KY,7300.823418103857,,,,,6,Nonspecialized,0,2.316832749871537,rucc_econtype_lowed
162,2,True,31131,Otoe County,NE,7429.931546239575,18139,Rush County,IN,7453.177603259683,,,,,6,Nonspecialized,0,23.2460570201074,rucc_econtype_lowed
163,2,True,29053,Cooper County,MO,7523.64748030901,28131,Stone County,MS,7574.2960141301155,,,,,6,Nonspecialized,0,50.64853382110596,rucc_econtype_lowed
164,2,True,1013,Butler County,AL,7574.814553126693,35028,Los Alamos County,NM,7604.054997369647,,,,,6,Nonspecialized,0,29.240444242954254,rucc_econtype_lowed
165,2,True,13229,Pierce County,GA,7640.78821656853,8089,Otero County,CO,7755.400830373168,,,,,6,Nonspecialized,0,114.61261380463839,rucc_econtype_lowed
166,2,True,27065,Kanabec County,MN,7766.9432530626655,5057,Hempstead County,AR,7844.009679514216,,,,,6,Nonspecialized,0,77.0664264515508,rucc_econtype_lowed
167,2,True,29163,Pike County,MO,8036.468772366643,37091,Hertford County,NC,8273.182408756882,,,,,6,Nonspecialized,0,236.71363639023912,rucc_econtype_lowed
168,2,True,22085,Sabine Parish,LA,8438.44511590898,47151,Scott County,TN,8450.151743352413,,,,,6,Nonspecialized,0,11.706627443432808,rucc_econtype_lowed
169,2,True,5083,Logan County,AR,8660.017032507341,5029,Conway County,AR,8664.553724301048,,,,,6,Nonspecialized,0,4.536691793706268,rucc_econtype_lowed
170,2,True,19031,Cedar County,IA,8687.00771704589,48089,Colorado County,TX,8946.829067975283,,,,,6,Nonspecialized,0,259.8213509293928,rucc_econtype_lowed
171,2,True,29083,Henry County,MO,9043.015829771757,19065,Fayette County,IA,9295.171899437904,,,,,6,Nonspecialized,0,252.15606966614723,rucc_econtype_lowed
172,2,True,17051,Fayette County,IL,9409.215249657631,39105,Meigs County,OH,9551.371497511864,,,,,6,Nonspecialized,0,142.1562478542328,rucc_econtype_lowed
173,2,True,53039,Klickitat County,WA,9674.368556330039,21043,Carter County,KY,9675.312210317003,,,,,6,Nonspecialized,0,0.9436539869639091,rucc_econtype_lowed
174,2,True,19097,Jackson County,IA,9717.254726231098,55053,Jackson County,WI,9997.265628770692,,,,,6,Nonspecialized,0,280.0109025395941,rucc_econtype_lowed
175,2,True,28039,George County,MS,10059.104064702988,1019,Cherokee County,AL,10108.94247981906,,,,,6,Nonspecialized,0,49.8384151160717,rucc_econtype_lowed
176,2,True,54053,Mason County,WV,10110.81521512568,31067,Gage County,NE,10131.636159754351,,,,,6,Nonspecialized,0,20.820944628670986,rucc_econtype_lowed
177,2,True,18149,Starke County,IN,10186.100331133232,51163,Rockbridge County,VA,10187.883991441806,,,,,6,Nonspecialized,0,1.7836603085743263,rucc_econtype_lowed
178,2,True,19019,Buchanan County,IA,10253.33634257142,29195,Saline County,MO,10261.665110647678,,,,,6,Nonspecialized,0,8.328768076258712,rucc_econtype_lowed
179,2,True,18041,Fayette County,IN,10412.37533568393,32001,Churchill County,NV,10584.343699176738,,,,,6,Nonspecialized,0,171.96836349280784,rucc_econtype_lowed
180,2,True,16075,Payette County,ID,10620.734214365482,18047,Franklin County,IN,10847.874516397715,,,,,6,Nonspecialized,0,227.14030203223228,rucc_econtype_lowed
181,2,True,29175,Randolph County,MO,10873.877410604327,41031,Jefferson County,OR,10877.976341083646,,,,,6,Nonspecialized,0,4.098930479318369,rucc_econtype_lowed
182,2,True,13087,Decatur County,GA,10898.200799658895,48067,Cass County,TX,10918.320043236017,,,,,6,Nonspecialized,0,20.11924357712269,rucc_econtype_lowed
183,2,True,40015,Caddo County,OK,10976.638388842402,41013,Crook County,OR,10982.617317333817,,,,,6,Nonspecialized,0,5.97892849141499,rucc_econtype_lowed
184,2,True,29131,Miller County,MO,11009.47595308721,13147,Hart County,GA,11089.650158410426,,,,,6,Nonspecialized,0,80.17420532321557,rucc_econtype_lowed
185,2,True,28091,Marion County,MS,11095.117201715708,45067,Marion County,SC,11322.991667300463,,,,,6,Nonspecialized,0,227.87446558475494,rucc_econtype_lowed
186,2,True,27093,Meeker County,MN,11395.107321690477,29007,Audrain County,MO,11407.19471285052,,,,,6,Nonspecialized,0,12.087391160042898,rucc_econtype_lowed
187,2,True,47017,Carroll County,TN,11557.161173716187,20059,Franklin County,KS,11645.09398946166,,,,,6,Nonspecialized,0,87.93281574547291,rucc_econtype_lowed
188,2,True,13293,Upson County,GA,11683.35571411252,39001,Adams County,OH,11764.32654261589,,,,,6,Nonspecialized,0,80.97082850337029,rucc_econtype_lowed
189,2,True,21085,Grayson County,KY,11821.140219021356,41065,Wasco County,OR,11830.48767144978,,,,,6,Nonspecialized,0,9.347452428424731,rucc_econtype_lowed
190,2,True,39047,Fayette County,OH,12261.430422216654,40115,Ottawa County,OK,12287.59635078907,,,,,6,Nonspecialized,0,26.165928572416306,rucc_econtype_lowed
191,2,True,45027,Clarendon County,SC,12311.263062208891,27015,Brown County,MN,12318.207362849105,,,,,6,Nonspecialized,0,6.944300640214351,rucc_econtype_lowed
192,2,True,48241,Jasper County,TX,12334.225662738085,28085,Lincoln County,MS,12344.968200087547,,,,,6,Nonspecialized,0,10.74253734946251,rucc_econtype_lowed
193,2,True,17135,Montgomery County,IL,12476.189369939784,39053,Gallia County,OH,12509.381130380825,,,,,6,Nonspecialized,0,33.19176044104097,rucc_econtype_lowed
194,2,True,17107,Logan County,IL,12587.89132298049,8083,Montezuma County,CO,12657.325154811144,,,,,6,Nonspecialized,0,69.43383183065453,rucc_econtype_lowed
195,2,True,51083,Halifax County,VA,13301.115254446864,5059,Hot Spring County,AR,13340.082759476034,,,,,6,Nonspecialized,0,38.96750502916984,rucc_econtype_lowed
196,2,True,16039,Elmore County,ID,13415.003141082547,18055,Greene County,IN,13781.206629022272,,,,,6,Nonspecialized,0,366.20348793972516,rucc_econtype_lowed
197,2,True,18137,Ripley County,IN,13803.93962547183,22053,Jefferson Davis Parish,LA,13828.069169340888,,,,,6,Nonspecialized,0,24.12954386905767,rucc_econtype_lowed
198,2,True,39065,Hardin County,OH,14223.555267343181,48217,Hill County,TX,14229.079213366887,,,,,6,Nonspecialized,0,5.52394602370623,rucc_econtype_lowed
199,2,True,28113,Pike County,MS,14262.391479209065,19015,Boone County,IA,14396.258086936075,,,,,6,Nonspecialized,0,133.86660772700998,rucc_econtype_lowed
200,2,True,22011,Beauregard Parish,LA,14427.300553555833,37165,Scotland County,NC,14502.37768393755,,,,,6,Nonspecialized,0,75.07713038171642,rucc_econtype_lowed
201,2,True,24019,Dorchester County,MD,14800.118370458484,12121,Suwannee County,FL,14904.42312922189,,,,,6,Nonspecialized,0,104.30475876340643,rucc_econtype_lowed
202,2,True,1039,Covington County,AL,14938.355979442596,24011,Caroline County,MD,15145.219129830599,,,,,6,Nonspecialized,0,206.8631503880024,rucc_econtype_lowed
203,2,True,17103,Lee County,IL,15155.280410826206,17057,Fulton County,IL,15230.241384013614,,,,,6,Nonspecialized,0,74.96097318740794,rucc_econtype_lowed
204,2,True,6093,Siskiyou County,CA,15291.606845923838,17021,Christian County,IL,15405.873895564117,,,,,6,Nonspecialized,0,114.26704964027886,rucc_econtype_lowed
205,2,True,27097,Morrison County,MN,15451.180743524747,45029,Colleton County,SC,15598.431277159892,,,,,6,Nonspecialized,0,147.25053363514598,rucc_econtype_lowed
206,2,True,29109,Lawrence County,MO,15656.414198070765,48223,Hopkins County,TX,15721.822274044156,,,,,6,Nonspecialized,0,65.40807597339153,rucc_econtype_lowed
207,2,True,12075,Levy County,FL,16032.696556982584,42123,Warren County,PA,16541.56223437364,,,,,6,Nonspecialized,0,508.8656773910552,rucc_econtype_lowed
208,2,True,39059,Guernsey County,OH,16554.666829406982,26151,Sanilac County,MI,17347.490049004555,,,,,6,Nonspecialized,0,792.8232195975725,rucc_econtype_lowed
209,2,True,51137,Orange County,VA,17393.647097892128,48499,Wood County,TX,17602.54791660764,,,,,6,Nonspecialized,0,208.9008187155123,rucc_econtype_lowed
210,2,True,50001,Addison County,VT,17673.62258795864,39027,Clinton County,OH,18087.07404201757,,,,,6,Nonspecialized,0,413.4514540589298,rucc_econtype_lowed
211,2,True,47099,Lawrence County,TN,18250.477842867374,40021,Cherokee County,OK,18566.251655111322,,,,,6,Nonspecialized,0,315.77381224394776,rucc_econtype_lowed
212,2,True,55115,Shawano County,WI,18598.43548461795,39071,Highland County,OH,18618.913958470395,,,,,6,Nonspecialized,0,20.47847385244677,rucc_econtype_lowed
213,2,True,19099,Jasper County,IA,18730.306114447558,47051,Franklin County,TN,18756.090542621743,,,,,6,Nonspecialized,0,25.78442817418545,rucc_econtype_lowed
214,2,True,40013,Bryan County,OK,18791.12587268623,26057,Gratiot County,MI,18805.8417776227,,,,,6,Nonspecialized,0,14.715904936470906,rucc_econtype_lowed
215,2,True,37047,Columbus County,NC,19020.47794276476,26023,Branch County,MI,19550.215950396363,,,,,6,Nonspecialized,0,529.738007631604,rucc_econtype_lowed
216,2,True,18093,Lawrence County,IN,20140.548949092627,42009,Bedford County,PA,20685.890126603335,,,,,6,Nonspecialized,0,545.3411775107088,rucc_econtype_lowed
217,2,True,30081,Ravalli County,MT,21387.841922685504,23025,Somerset County,ME,21743.741775393486,,,,,6,Nonspecialized,0,355.89985270798206,rucc_econtype_lowed
218,2,True,26157,Tuscola County,MI,22776.63614783995,28109,Pearl River County,MS,23196.3004553731,,,,,6,Nonspecialized,0,419.66430753315217,rucc_econtype_lowed
219,2,True,42015,Bradford County,PA,25706.191274397017,37167,Stanly County,NC,29783.449066214147,,,,,6,Nonspecialized,0,4077.25779181713,rucc_econtype_lowed
220,2,True,38085,Sioux County,ND,1896.3779975418001,17003,Alexander County,IL,2076.7389110028744,,,,,3,Federal/State Government,0,180.36091346107423,rucc_econtype_lowed
221,2,True,46033,Custer County,SD,4129.136895801872,21061,Edmonson County,KY,4986.217301476543,,,,,3,Federal/State Government,0,857.080405674671,rucc_econtype_lowed
222,2,True,29063,DeKalb County,MO,4988.2008011341095,51750,Radford city,VA,7220.223314337432,,,,,3,Federal/State Government,0,2232.022513203323,rucc_econtype_lowed
223,2,True,22043,Grant Parish,LA,7932.339385708328,13207,Monroe County,GA,11561.498976759089,,,,,3,Federal/State Government,0,3629.1595910507604,rucc_econtype_lowed
224,2,True,46093,Meade County,SD,14824.823296397924,54019,Fayette County,WV,14921.581766205607,,,,,3,Federal/State Government,0,96.75846980768256,rucc_econtype_lowed
225,2,True,54077,Preston County,WV,16711.13518062234,29027,Callaway County,MO,20778.927189469337,,,,,3,Federal/State Government,0,4067.792008846998,rucc_econtype_lowed
226,2,True,51540,Charlottesville city,VA,22195.14393064007,17077,Jackson County,IL,23202.477685187216,,,,,3,Federal/State Government,0,1007.333754547144,rucc_econtype_lowed
227,2,True,32510,Carson City,NV,25078.00676366687,5069,Jefferson County,AR,25655.03883971354,,,,,3,Federal/State Government,0,577.0320760466711,rucc_econtype_lowed
228,2,True,36115,Washington County,NY,28268.227414876223,53071,Walla Walla County,WA,28434.57395658773,,,,,3,Federal/State Government,0,166.3465417115076,rucc_econtype_lowed
229,2,True,24001,Allegany County,MD,28446.84375913143,17199,Williamson County,IL,29413.297159486217,,,,,3,Federal/State Government,0,966.4534003547888,rucc_econtype_lowed
230,2,True,13179,Liberty County,GA,31757.384338200092,12119,Sumter County,FL,31944.992198095424,,,,,3,Federal/State Government,0,187.60785989533179,rucc_econtype_lowed
231,2,True,28035,Forrest County,MS,35478.0677306056,48037,Bowie County,TX,35641.68018734455,,,,,3,Federal/State Government,0,163.61245673894882,rucc_econtype_lowed
232,2,True,29051,Cole County,MO,36261.70922802748,13095,Dougherty County,GA,36557.62786960602,,,,,3,Federal/State Government,0,295.91864157853706,rucc_econtype_lowed
233,2,True,13127,Glynn County,GA,37130.292476563016,38035,Grand Forks County,ND,37547.42304933071,,,,,3,Federal/State Government,0,417.1305727676954,rucc_econtype_lowed
234,2,True,16005,Bannock County,ID,38820.60357558727,20161,Riley County,KS,39324.14396193248,,,,,3,Federal/State Government,0,503.5403863452084,rucc_econtype_lowed
235,2,True,37049,Craven County,NC,44711.0913453009,41003,Benton County,OR,44799.923260071,,,,,3,Federal/State Government,0,88.83191477010405,rucc_econtype_lowed
236,2,True,51121,Montgomery County,VA,44812.032310369425,4003,Cochise County,AZ,47774.74481647373,,,,,3,Federal/State Government,0,2962.7125061043043,rucc_econtype_lowed
237,2,True,2090,Fairbanks North Star Borough,AK,48350.784228295204,38015,Burleigh County,ND,49716.596225857735,,,,,3,Federal/State Government,0,1365.8119975625305,rucc_econtype_lowed
238,2,True,1015,Calhoun County,AL,49808.30964967579,21093,Hardin County,KY,50312.903393521265,,,,,3,Federal/State Government,0,504.5937438454712,rucc_econtype_lowed
239,2,True,56021,Laramie County,WY,51334.388956069946,54061,Monongalia County,WV,51688.10960698128,,,,,3,Federal/State Government,0,353.7206509113312,rucc_econtype_lowed
240,2,True,19169,Story County,IA,53133.29318577051,18035,Delaware County,IN,53561.038448315114,,,,,3,Federal/State Government,0,427.74526254460216,rucc_econtype_lowed
241,2,True,51003,Albemarle County,VA,53626.207937926054,40031,Comanche County,OK,56912.42926120758,,,,,3,Federal/State Government,0,3286.2213232815266,rucc_econtype_lowed
242,2,True,24037,St. Mary's County,MD,58319.68615218997,30063,Missoula County,MT,58332.916240920604,,,,,3,Federal/State Government,0,13.230088730633724,rucc_econtype_lowed
243,2,True,47179,Washington County,TN,63279.50489497185,13059,Clarke County,GA,64144.486720282235,,,,,3,Federal/State Government,0,864.9818253103876,rucc_econtype_lowed
244,2,True,20045,Douglas County,KS,65250.004433751106,35049,Santa Fe County,NM,66016.90048244817,,,,,3,Federal/State Government,0,766.8960486970609,rucc_econtype_lowed
245,2,True,4005,Coconino County,AZ,69386.67278591264,18105,Monroe County,IN,71296.87164655351,,,,,3,Federal/State Government,0,1910.1988606408704,rucc_econtype_lowed
246,2,True,42027,Centre County,PA,72675.02218861284,54039,Kanawha County,WV,75138.01366533851,,,,,3,Federal/State Government,0,2462.9914767256705,rucc_econtype_lowed
247,2,True,13153,Houston County,GA,79209.53839046654,42089,Monroe County,PA,79579.41574889916,,,,,3,Federal/State Government,0,369.87735843262635,rucc_econtype_lowed
248,2,True,1081,Lee County,AL,80968.59751761903,20177,Shawnee County,KS,82065.39032976294,,,,,3,Federal/State Government,0,1096.7928121439181,rucc_econtype_lowed
249,2,True,19103,Johnson County,IA,83956.56968510151,37147,Pitt County,NC,84164.84037281413,,,,,3,Federal/State Government,0,208.27068771261838,rucc_econtype_lowed
250,2,True,10001,Kent County,DE,84362.88899747469,17167,Sangamon County,IL,91225.0,,,,,3,Federal/State Government,0,6862.111002525315,rucc_econtype_lowed
251,2,True,18157,Tippecanoe County,IN,91252.59136743098,29019,Boone County,MO,96267.91512671276,,,,,3,Federal/State Government,0,5015.323759281775,rucc_econtype_lowed
252,3,True,17019,Champaign County,IL,100327.4826248098,1125,Tuscaloosa County,AL,109109.40732780099,48041,Brazos County,TX,115451.9352134692,3,Federal/State Government,0,15124.452588659406,rucc_econtype_lowed
253,2,True,28053,Humphreys County,MS,2765.5619838386774,13165,Jenkins County,GA,3361.2849128842354,,,,,6,Nonspecialized,1,595.722929045558,rucc_econtype_lowed
254,2,True,13287,Turner County,GA,3657.0981004685163,13317,Wilkes County,GA,3705.9648305922747,,,,,6,Nonspecialized,1,48.866730123758316,rucc_econtype_lowed
255,2,True,13049,Charlton County,GA,4849.544800832868,12043,Glades County,FL,4853.183807812631,,,,,6,Nonspecialized,1,3.639006979763508,rucc_econtype_lowed
256,2,True,22127,Winn Parish,LA,4877.167175882263,48063,Camp County,TX,4891.046076990664,,,,,6,Nonspecialized,1,13.878901108400896,rucc_econtype_lowed
257,2,True,21127,Lawrence County,KY,5915.249548212858,21197,Powell County,KY,5924.264904213887,,,,,6,Nonspecialized,1,9.015356001029431,rucc_econtype_lowed
258,2,True,12125,Union County,FL,6032.761612571776,13163,Jefferson County,GA,6084.295807525516,,,,,6,Nonspecialized,1,51.53419495373964,rucc_econtype_lowed
259,2,True,51025,Brunswick County,VA,6194.458802066743,5107,Phillips County,AR,6213.623700516699,,,,,6,Nonspecialized,1,19.164898449955217,rucc_econtype_lowed
260,2,True,21065,Estill County,KY,6392.338491521776,28051,Holmes County,MS,6528.629390478134,,,,,6,Nonspecialized,1,136.29089895635843,rucc_econtype_lowed
261,2,True,22083,Richland Parish,LA,6763.9720875918865,28007,Attala County,MS,6870.583810567856,,,,,6,Nonspecialized,1,106.61172297596931,rucc_econtype_lowed
262,2,True,13075,Cook County,GA,6995.050318568945,47091,Johnson County,TN,7278.475998952985,,,,,6,Nonspecialized,1,283.4256803840399,rucc_econtype_lowed
263,2,True,13019,Berrien County,GA,7373.984700176297,28079,Leake County,MS,8108.7934933155775,,,,,6,Nonspecialized,1,734.8087931392802,rucc_econtype_lowed
264,2,True,13081,Crisp County,GA,8141.558413684368,48489,Willacy County,TX,8246.044407770038,,,,,6,Nonspecialized,1,104.48599408566952,rucc_econtype_lowed
265,2,True,48123,DeWitt County,TX,8291.002970228205,1111,Randolph County,AL,8554.05692282319,,,,,6,Nonspecialized,1,263.0539525949862,rucc_econtype_lowed
266,2,True,22067,Morehouse Parish,LA,8652.467456610284,12049,Hardee County,FL,8958.101694047451,,,,,6,Nonspecialized,1,305.63423743716703,rucc_econtype_lowed
267,2,True,29221,Washington County,MO,9712.67855978012,13131,Grady County,GA,9735.187233954668,,,,,6,Nonspecialized,1,22.508674174547195,rucc_econtype_lowed
268,2,True,48463,Uvalde County,TX,9799.975707062658,12007,Bradford County,FL,10576.605984851718,,,,,6,Nonspecialized,1,776.6302777890596,rucc_econtype_lowed
269,2,True,47097,Lauderdale County,TN,10828.701210784056,12027,DeSoto County,FL,12017.700605228776,,,,,6,Nonspecialized,1,1188.9993944447197,rucc_econtype_lowed
270,2,True,22039,Evangeline Parish,LA,12167.185314673348,47025,Claiborne County,TN,12391.817766606808,,,,,6,Nonspecialized,1,224.63245193345938,rucc_econtype_lowed
271,2,True,1053,Escambia County,AL,12718.593938082457,28107,Panola County,MS,12940.339000165462,,,,,6,Nonspecialized,1,221.7450620830059,rucc_econtype_lowed
272,2,True,1017,Chambers County,AL,14044.434249084909,22009,Avoyelles Parish,LA,14127.912236432894,,,,,6,Nonspecialized,1,83.47798734798562,rucc_econtype_lowed
273,2,True,1123,Tallapoosa County,AL,16679.524160697983,48373,Polk County,TX,18947.432975292206,,,,,6,Nonspecialized,1,2267.9088145942223,rucc_econtype_lowed
274,2,True,48073,Cherokee County,TX,19928.4213437899,13071,Colquitt County,GA,19965.476290225983,,,,,6,Nonspecialized,1,37.05494643608108,rucc_econtype_lowed
275,2,True,37163,Sampson County,NC,25875.018361478928,37193,Wilkes County,NC,27620.257788550807,,,,,6,Nonspecialized,1,1745.2394270718796,rucc_econtype_lowed
276,2,True,28009,Benton County,MS,3140.860742934048,18161,Union County,IN,3152.5948939042864,,,,,1,Nonspecialized,0,11.734150970238261,rucc_econtype_lowed
277,2,True,51036,Charles City County,VA,3312.909888803959,48425,Somervell County,TX,4108.742901188205,,,,,1,Nonspecialized,0,795.8330123842461,rucc_econtype_lowed
278,2,True,51007,Amelia County,VA,5183.262844823301,18111,Newton County,IN,6018.218968614936,,,,,1,Nonspecialized,0,834.956123791635,rucc_econtype_lowed
279,2,True,47015,Cannon County,TN,6278.07218606332,13159,Jasper County,GA,6867.090999752283,,,,,1,Nonspecialized,0,589.0188136889628,rucc_econtype_lowed
280,2,True,51043,Clarke County,VA,7218.91002526955,51610,Falls Church city,VA,7303.254588152748,,,,,1,Nonspecialized,0,84.3445628831978,rucc_econtype_lowed
281,2,True,13231,Pike County,GA,7968.891236454248,51570,Colonial Heights city,VA,8016.897927887738,,,,,1,Nonspecialized,0,48.00669143348932,rucc_econtype_lowed
282,2,True,47159,Smith County,TN,8615.47918736434,51685,Manassas Park city,VA,9194.164126321673,,,,,1,Nonspecialized,0,578.6849389573326,rucc_econtype_lowed
283,2,True,13211,Morgan County,GA,9458.622779678451,17083,Jersey County,IL,9643.321191655472,,,,,1,Nonspecialized,0,184.69841197702044,rucc_econtype_lowed
284,2,True,29049,Clinton County,MO,10328.455384966648,22075,Plaquemines Parish,LA,10636.091130386107,,,,,1,Nonspecialized,0,307.63574541945854,rucc_econtype_lowed
285,2,True,47111,Macon County,TN,10916.789604619145,28137,Tate County,MS,10936.621522148082,,,,,1,Nonspecialized,0,19.831917528936174,rucc_econtype_lowed
286,2,True,51127,New Kent County,VA,11228.533154807461,29177,Ray County,MO,11289.881345299305,,,,,1,Nonspecialized,0,61.348190491844434,rucc_econtype_lowed
287,2,True,47081,Hickman County,TN,11847.571161612868,21081,Grant County,KY,11947.783296608715,,,,,1,Nonspecialized,0,100.21213499584701,rucc_econtype_lowed
288,2,True,51075,Goochland County,VA,12072.920987717342,51600,Fairfax city,VA,12381.820826292038,,,,,1,Nonspecialized,0,308.89983857469633,rucc_econtype_lowed
289,2,True,27095,Mille Lacs County,MN,13120.546402007341,40081,Lincoln County,OK,14304.198704199633,,,,,1,Nonspecialized,0,1183.6523021922912,rucc_econtype_lowed
290,2,True,18073,Jasper County,IN,14327.855718702078,51630,Fredericksburg city,VA,14422.206339710741,,,,,1,Nonspecialized,0,94.35062100866344,rucc_econtype_lowed
291,2,True,20121,Miami County,KS,15328.967252403498,39117,Morrow County,OH,15427.371189177036,,,,,1,Nonspecialized,0,98.40393677353859,rucc_econtype_lowed
292,2,True,51073,Gloucester County,VA,15689.978560477495,39127,Perry County,OH,15734.198599448195,,,,,1,Nonspecialized,0,44.220038970699534,rucc_econtype_lowed
293,2,True,29107,Lafayette County,MO,16080.040187194943,17027,Clinton County,IL,16337.14425085012,,,,,1,Nonspecialized,0,257.104063655177,rucc_econtype_lowed
294,2,True,17133,Monroe County,IL,16442.726405106834,18133,Putnam County,IN,17047.49122798443,,,,,1,Nonspecialized,0,604.7648228775943,rucc_econtype_lowed
295,2,True,40087,McClain County,OK,18718.90449992119,51187,Warren County,VA,19094.153132933658,,,,,1,Nonspecialized,0,375.2486330124666,rucc_econtype_lowed
296,2,True,1021,Chilton County,AL,19104.150829019403,48259,Kendall County,TX,19355.87154713273,,,,,1,Nonspecialized,0,251.72071811332717,rucc_econtype_lowed
297,2,True,39015,Brown County,OH,19543.730196080694,22087,St. Bernard Parish,LA,19801.246461212635,,,,,1,Nonspecialized,0,257.5162651319406,rucc_econtype_lowed
298,2,True,48055,Caldwell County,TX,19875.154873614898,17117,Macoupin County,IL,20149.49110663333,,,,,1,Nonspecialized,0,274.3362330184318,rucc_econtype_lowed
299,2,True,27059,Isanti County,MN,20420.782414931804,39097,Madison County,OH,20683.08824529506,,,,,1,Nonspecialized,0,262.305830363257,rucc_econtype_lowed
300,2,True,5035,Crittenden County,AR,21079.272250080947,48325,Medina County,TX,21581.892197894398,,,,,1,Nonspecialized,0,502.6199478134513,rucc_econtype_lowed
301,2,True,41009,Columbia County,OR,21903.656956225634,51683,Manassas city,VA,22839.052864551544,,,,,1,Nonspecialized,0,935.3959083259106,rucc_econtype_lowed
302,2,True,40051,Grady County,OK,24609.52909386484,44001,Bristol County,RI,25061.55687263608,,,,,1,Nonspecialized,0,452.02777877124026,rucc_econtype_lowed
303,2,True,51047,Culpeper County,VA,25183.473562687635,47043,Dickson County,TN,25816.482376925145,,,,,1,Nonspecialized,0,633.0088142375098,rucc_econtype_lowed
304,2,True,17063,Grundy County,IL,26950.03251052217,47167,Tipton County,TN,27045.462634801865,,,,,1,Nonspecialized,0,95.4301242796937,rucc_econtype_lowed
305,2,True,29113,Lincoln County,MO,27218.881864357027,39129,Pickaway County,OH,27615.325895781658,,,,,1,Nonspecialized,0,396.44403142463125,rucc_econtype_lowed
306,2,True,27025,Chisago County,MN,28078.48279979138,34033,Salem County,NJ,28560.13086090074,,,,,1,Nonspecialized,0,481.6480611093575,rucc_econtype_lowed
307,2,True,37069,Franklin County,NC,30629.05836864229,21185,Oldham County,KY,31761.481065739346,,,,,1,Nonspecialized,0,1132.4226970970558,rucc_econtype_lowed
308,2,True,18109,Morgan County,IN,33330.386773913866,51061,Fauquier County,VA,34976.95278680367,,,,,1,Nonspecialized,0,1646.5660128898016,rucc_econtype_lowed
309,2,True,18011,Boone County,IN,36523.56933398125,18043,Floyd County,IN,38409.87166698836,,,,,1,Nonspecialized,0,1886.3023330071082,rucc_econtype_lowed
310,2,True,18059,Hancock County,IN,39576.268196355246,1115,St. Clair County,AL,40398.22905731201,,,,,1,Nonspecialized,0,821.9608609567658,rucc_econtype_lowed
311,2,True,26087,Lapeer County,MI,40479.34465955582,13013,Barrow County,GA,41009.51678747544,,,,,1,Nonspecialized,0,530.1721279196208,rucc_econtype_lowed
312,2,True,21029,Bullitt County,KY,41707.79613955691,45057,Lancaster County,SC,41844.996218567714,,,,,1,Nonspecialized,0,137.2000790108068,rucc_econtype_lowed
313,2,True,48021,Bastrop County,TX,42051.69699901249,13247,Rockdale County,GA,43963.46990150213,,,,,1,Nonspecialized,0,1911.7729024896398,rucc_econtype_lowed
314,2,True,13297,Walton County,GA,45505.030210827375,51800,Suffolk city,VA,45663.976756334305,,,,,1,Nonspecialized,0,158.9465455069294,rucc_econtype_lowed
315,2,True,36079,Putnam County,NY,46190.36678567622,47119,Maury County,TN,48396.516110118944,,,,,1,Nonspecialized,0,2206.1493244427256,rucc_econtype_lowed
316,2,True,24015,Cecil County,MD,49780.0,41071,Yamhill County,OR,49795.61297112168,,,,,1,Nonspecialized,0,15.612971121678129,rucc_econtype_lowed
317,2,True,55109,St. Croix County,WI,50068.38120764657,36069,Ontario County,NY,52779.16077998327,,,,,1,Nonspecialized,0,2710.7795723367017,rucc_econtype_lowed
318,2,True,29037,Cass County,MO,52884.7096553396,27141,Sherburne County,MN,52962.41627528798,,,,,1,Nonspecialized,0,77.70661994838156,rucc_econtype_lowed
319,2,True,13113,Fayette County,GA,52969.24870805442,48397,Rockwall County,TX,53677.84250744572,,,,,1,Nonspecialized,0,708.5937993912958,rucc_econtype_lowed
320,2,True,51085,Hanover County,VA,53789.75226031963,42051,Fayette County,PA,53889.701413432835,,,,,1,Nonspecialized,0,99.94915311320801,rucc_econtype_lowed
321,2,True,29165,Platte County,MO,56426.48185989223,13045,Carroll County,GA,56849.38100001916,,,,,1,Nonspecialized,0,422.89914012693043,rucc_econtype_lowed
322,2,True,18095,Madison County,IN,58790.7055206059,18019,Clark County,IN,59065.036917209625,,,,,1,Nonspecialized,0,274.331396603724,rucc_econtype_lowed
323,2,True,34019,Hunterdon County,NJ,64259.2504027822,37159,Rowan County,NC,67299.76712183375,,,,,1,Nonspecialized,0,3040.5167190515494,rucc_econtype_lowed
324,2,True,17093,Kendall County,IL,69304.16968956971,21015,Boone County,KY,69375.4961640134,,,,,1,Nonspecialized,0,71.32647444368922,rucc_econtype_lowed
325,2,True,13097,Douglas County,GA,70030.38270127517,13077,Coweta County,GA,71571.96121398085,,,,,1,Nonspecialized,0,1541.5785127056733,rucc_econtype_lowed
326,2,True,51177,Spotsylvania County,VA,71812.02326015336,48367,Parker County,TX,71888.80985975266,,,,,1,Nonspecialized,0,76.78659959929064,rucc_econtype_lowed
327,2,True,47189,Wilson County,TN,73266.83960658015,48257,Kaufman County,TX,73394.47651786807,,,,,1,Nonspecialized,0,127.63691128791834,rucc_econtype_lowed
328,2,True,27171,Wright County,MN,74655.83536873013,26147,St. Clair County,MI,74953.73513650894,,,,,1,Nonspecialized,0,297.89976777881384,rucc_econtype_lowed
329,2,True,40017,Canadian County,OK,77497.74379155925,39045,Fairfield County,OH,77539.09394720572,,,,,1,Nonspecialized,0,41.350155646476196,rucc_econtype_lowed
330,2,True,12053,Hernando County,FL,77650.3262479566,42007,Beaver County,PA,78025.41611623653,,,,,1,Nonspecialized,0,375.08986827993067,rucc_econtype_lowed
331,2,True,20209,Wyandotte County,KS,79870.1122751832,18081,Johnson County,IN,80378.71045767353,,,,,1,Nonspecialized,0,508.5981824903283,rucc_econtype_lowed
332,2,True,27139,Scott County,MN,80848.59146164497,48187,Guadalupe County,TX,82380.3157455395,,,,,1,Nonspecialized,0,1531.724283894524,rucc_econtype_lowed
333,2,True,48251,Johnson County,TX,83814.85855518642,9007,Middlesex County,CT,85319.7895501852,,,,,1,Nonspecialized,0,1504.93099499878,rucc_econtype_lowed
334,2,True,13223,Paulding County,GA,85367.06163554825,39089,Licking County,OH,85406.53716319587,,,,,1,Nonspecialized,0,39.475527647620765,rucc_econtype_lowed
335,2,True,55059,Kenosha County,WI,86783.28633964062,21117,Kenton County,KY,86930.46334069828,,,,,1,Nonspecialized,0,147.17700105765834,rucc_econtype_lowed
336,2,True,24017,Charles County,MD,87769.0,24013,Carroll County,MD,88124.82529482292,,,,,1,Nonspecialized,0,355.8252948229201,rucc_econtype_lowed
337,2,True,44003,Kent County,RI,88954.40200231737,37097,Iredell County,NC,90587.69048820803,,,,,1,Nonspecialized,0,1633.2884858906618,rucc_econtype_lowed
338,2,True,18063,Hendricks County,IN,91611.45641178451,28033,DeSoto County,MS,92098.76340006288,,,,,1,Nonspecialized,0,487.3069882783602,rucc_econtype_lowed
339,2,True,39103,Medina County,OH,93185.13175349555,42019,Butler County,PA,94988.50064390711,,,,,1,Nonspecialized,0,1803.3688904115697,rucc_econtype_lowed
340,2,True,47165,Sumner County,TN,96446.89963008888,26093,Livingston County,MI,97260.8370628357,,,,,1,Nonspecialized,0,813.9374327468104,rucc_econtype_lowed
341,2,True,42125,Washington County,PA,98293.77636258304,39025,Clermont County,OH,99814.98769997084,,,,,1,Nonspecialized,0,1521.2113373877946,rucc_econtype_lowed
342,2,True,36063,Niagara County,NY,100058.0516000604,12019,Clay County,FL,103716.23196907222,,,,,1,Nonspecialized,0,3658.180369011825,rucc_econtype_lowed
343,2,True,37101,Johnston County,NC,105311.04696491949,37071,Gaston County,NC,108400.74179679994,,,,,1,Nonspecialized,0,3089.69483188045,rucc_econtype_lowed
344,2,True,1117,Shelby County,AL,109760.2132298777,39041,Delaware County,OH,110903.25743754684,,,,,1,Nonspecialized,0,1143.0442076691397,rucc_econtype_lowed
345,2,True,37025,Cabarrus County,NC,112484.14024252776,29099,Jefferson County,MO,114220.30687925985,,,,,1,Nonspecialized,0,1736.1666367320868,rucc_econtype_lowed
346,2,True,37179,Union County,NC,119204.04977724538,39165,Warren County,OH,119916.72424482967,,,,,1,Nonspecialized,0,712.6744675842929,rucc_econtype_lowed
347,2,True,13151,Henry County,GA,120562.33453371003,22103,St. Tammany Parish,LA,121607.10374441836,,,,,1,Nonspecialized,0,1044.7692107083276,rucc_econtype_lowed
348,2,True,47187,Williamson County,TN,122458.22563606352,17163,St. Clair County,IL,123161.2786797049,,,,,1,Nonspecialized,0,703.0530436413828,rucc_econtype_lowed
349,2,True,51550,Chesapeake city,VA,123411.45554623753,48209,Hays County,TX,126558.44622012676,,,,,1,Nonspecialized,0,3146.9906738892314,rucc_econtype_lowed
350,2,True,17119,Madison County,IL,128444.17928964604,13117,Forsyth County,GA,131315.68141357217,,,,,1,Nonspecialized,0,2871.502123926126,rucc_econtype_lowed
351,2,True,29047,Clay County,MO,132609.41324247344,13057,Cherokee County,GA,137775.97044862353,,,,,1,Nonspecialized,0,5166.557206150086,rucc_econtype_lowed
352,2,True,27163,Washington County,MN,139144.78621229215,45091,York County,SC,141172.04264055472,,,,,1,Nonspecialized,0,2027.256428262568,rucc_econtype_lowed
353,2,True,24021,Frederick County,MD,142250.53325437708,13063,Clayton County,GA,142900.07012426155,,,,,1,Nonspecialized,0,649.5368698844686,rucc_econtype_lowed
354,2,True,36027,Dutchess County,NY,143949.56262059766,36087,Rockland County,NY,144442.99360066513,,,,,1,Nonspecialized,0,493.4309800674673,rucc_econtype_lowed
355,2,True,12069,Lake County,FL,153461.67779886094,34015,Gloucester County,NJ,154117.1051820087,,,,,1,Nonspecialized,0,655.4273831477622,rucc_econtype_lowed
356,2,True,29510,St. Louis city,MO,155214.65174545522,33015,Rockingham County,NH,165427.42660414873,,,,,1,Nonspecialized,0,10212.774858693505,rucc_econtype_lowed
357,2,True,42129,Westmoreland County,PA,165570.95111115213,17111,McHenry County,IL,165583.31954652444,,,,,1,Nonspecialized,0,12.368435372307431,rucc_econtype_lowed
358,2,True,4021,Pinal County,AZ,171576.5615228418,24027,Howard County,MD,171902.1389216557,,,,,1,Nonspecialized,0,325.5773988139117,rucc_econtype_lowed
359,2,True,51087,Henrico County,VA,172880.66677511483,48039,Brazoria County,TX,176505.97418371774,,,,,1,Nonspecialized,0,3625.3074086029083,rucc_econtype_lowed
360,2,True,34035,Somerset County,NJ,181941.35227584373,18057,Hamilton County,IN,182582.73748398988,,,,,1,Nonspecialized,0,641.3852081461519,rucc_econtype_lowed
361,2,True,51041,Chesterfield County,VA,185370.06801293284,36071,Orange County,NY,185744.0614722332,,,,,1,Nonspecialized,0,373.9934593003709,rucc_econtype_lowed
362,2,True,39017,Butler County,OH,186264.66201211885,8035,Douglas County,CO,194950.61743538734,,,,,1,Nonspecialized,0,8685.95542326849,rucc_econtype_lowed
363,2,True,41005,Clackamas County,OR,202473.38329079334,22051,Jefferson Parish,LA,204107.26890194492,,,,,1,Nonspecialized,0,1633.885611151578,rucc_econtype_lowed
364,2,True,55133,Waukesha County,WI,209557.60972570354,29183,St. Charles County,MO,212557.53994762897,,,,,1,Nonspecialized,0,2999.9302219254314,rucc_econtype_lowed
365,2,True,36085,Richmond County,NY,225345.0,18089,Lake County,IN,229007.2200924158,,,,,1,Nonspecialized,0,3662.2200924158096,rucc_econtype_lowed
366,2,True,51107,Loudoun County,VA,229669.63045485527,34005,Burlington County,NJ,233850.88906350153,,,,,1,Nonspecialized,0,4181.258608646254,rucc_econtype_lowed
367,2,True,27037,Dakota County,MN,235955.48070821812,53011,Clark County,WA,242038.20688454853,,,,,1,Nonspecialized,0,6082.726176330412,rucc_econtype_lowed
368,2,True,51810,Virginia Beach city,VA,243474.84431140125,12117,Seminole County,FL,244290.13149910793,,,,,1,Nonspecialized,0,815.2871877066791,rucc_econtype_lowed
369,2,True,12101,Pasco County,FL,248091.60976256942,51153,Prince William County,VA,254066.6471447937,,,,,1,Nonspecialized,0,5975.037382224284,rucc_econtype_lowed
370,2,True,34031,Passaic County,NJ,254914.00800759922,34007,Camden County,NJ,258136.56458958192,,,,,1,Nonspecialized,0,3222.5565819827025,rucc_econtype_lowed
371,2,True,34027,Morris County,NJ,259645.51247349347,17089,Kane County,IL,265063.4153562792,,,,,1,Nonspecialized,0,5417.902882785711,rucc_econtype_lowed
372,2,True,25023,Plymouth County,MA,267786.4824852147,42029,Chester County,PA,270744.45200955495,,,,,1,Nonspecialized,0,2957.9695243402384,rucc_econtype_lowed
373,2,True,8001,Adams County,CO,277182.29288629116,42045,Delaware County,PA,282155.50151098164,,,,,1,Nonspecialized,0,4973.20862469048,rucc_econtype_lowed
374,2,True,27123,Ramsey County,MN,283091.8408283242,25005,Bristol County,MA,285890.91307855444,,,,,1,Nonspecialized,0,2799.072250230238,rucc_econtype_lowed
375,2,True,10003,New Castle County,DE,287020.11109968537,34039,Union County,NJ,292352.5998285739,,,,,1,Nonspecialized,0,5332.4887288885075,rucc_econtype_lowed
376,2,True,48339,Montgomery County,TX,299724.16941348556,1073,Jefferson County,AL,308014.83246415574,,,,,1,Nonspecialized,0,8290.663050670177,rucc_econtype_lowed
377,2,True,8059,Jefferson County,CO,312582.62470651057,34025,Monmouth County,NJ,319312.6991051617,,,,,1,Nonspecialized,0,6730.074398651137,rucc_econtype_lowed
378,2,True,20091,Johnson County,KS,324112.1312000436,42017,Bucks County,PA,329101.48400506005,,,,,1,Nonspecialized,0,4989.352805016446,rucc_econtype_lowed
379,2,True,48491,Williamson County,TX,329387.4354927974,44007,Providence County,RI,332549.86500376835,,,,,1,Nonspecialized,0,3162.429510970949,rucc_econtype_lowed
380,2,True,8005,Arapahoe County,CO,346239.7252438548,29095,Jackson County,MO,358147.8517565129,,,,,1,Nonspecialized,0,11908.126512658084,rucc_econtype_lowed
381,2,True,17197,Will County,IL,358674.8184880037,17097,Lake County,IL,360889.1766563157,,,,,1,Nonspecialized,0,2214.358168311999,rucc_econtype_lowed
382,2,True,36055,Monroe County,NY,368073.4979997745,25021,Norfolk County,MA,375853.6019737765,,,,,1,Nonspecialized,0,7780.103974001948,rucc_econtype_lowed
383,2,True,21111,Jefferson County,KY,385324.2014878737,34017,Hudson County,NJ,389404.9231147766,,,,,1,Nonspecialized,0,4080.7216269029304,rucc_econtype_lowed
384,2,True,6081,San Mateo County,CA,390120.06043116585,13089,DeKalb County,GA,390744.2418216446,,,,,1,Nonspecialized,0,624.1813904787414,rucc_econtype_lowed
385,2,True,47037,Davidson County,TN,395277.9994431735,48157,Fort Bend County,TX,403560.1466878606,,,,,1,Nonspecialized,0,8282.147244687076,rucc_econtype_lowed
386,2,True,13067,Cobb County,GA,406149.62043675384,39061,Hamilton County,OH,410816.81915085576,,,,,1,Nonspecialized,0,4667.19871410192,rucc_econtype_lowed
387,2,True,25009,Essex County,MA,415421.27088743844,34013,Essex County,NJ,416659.13984162174,,,,,1,Nonspecialized,0,1237.868954183301,rucc_econtype_lowed
388,2,True,24005,Baltimore County,MD,421529.96853055124,8031,Denver County,CO,426655.192776938,,,,,1,Nonspecialized,0,5125.224246386788,rucc_econtype_lowed
389,2,True,34023,Middlesex County,NJ,433081.82919335295,47157,Shelby County,TN,433134.01440002874,,,,,1,Nonspecialized,0,52.185206675785594,rucc_econtype_lowed
390,2,True,42091,Montgomery County,PA,436615.68601769,12103,Pinellas County,FL,444380.2961409092,,,,,1,Nonspecialized,0,7764.610123219201,rucc_econtype_lowed
391,2,True,25025,Suffolk County,MA,445135.039028453,41051,Multnomah County,OR,450159.2914016201,,,,,1,Nonspecialized,0,5024.252373167081,rucc_econtype_lowed
392,2,True,9003,Hartford County,CT,455596.2195836692,55079,Milwaukee County,WI,456731.3827582356,,,,,1,Nonspecialized,0,1135.1631745664054,rucc_econtype_lowed
393,2,True,36029,Erie County,NY,459076.3240001502,53053,Pierce County,WA,460778.721479501,,,,,1,Nonspecialized,0,1702.397479350795,rucc_econtype_lowed
394,2,True,17043,DuPage County,IL,478479.0145568539,34003,Bergen County,NJ,480436.92550104763,,,,,1,Nonspecialized,0,1957.910944193718,rucc_econtype_lowed
395,2,True,13135,Gwinnett County,GA,483530.6731691072,18097,Marion County,IN,485262.41421895847,,,,,1,Nonspecialized,0,1731.7410498512909,rucc_econtype_lowed
396,2,True,29189,St. Louis County,MO,486418.5550828598,36119,Westchester County,NY,488329.94212109223,,,,,1,Nonspecialized,0,1911.3870382324094,rucc_econtype_lowed
397,2,True,12031,Duval County,FL,496052.0231892823,48121,Denton County,TX,498126.1369421769,,,,,1,Nonspecialized,0,2074.1137528946274,rucc_econtype_lowed
398,2,True,6075,San Francisco County,CA,500881.2528530061,48085,Collin County,TX,563396.6654695431,,,,,1,Nonspecialized,0,62515.41261653695,rucc_econtype_lowed
399,2,True,13121,Fulton County,GA,565791.1167724755,6013,Contra Costa County,CA,567946.8221290489,,,,,1,Nonspecialized,0,2155.7053565733368,rucc_econtype_lowed
400,2,True,37183,Wake County,NC,597049.8184491752,51059,Fairfax County,VA,604614.5799680394,,,,,1,Nonspecialized,0,7564.761518864194,rucc_econtype_lowed
401,2,True,37119,Mecklenburg County,NC,605943.9656783395,39035,Cuyahoga County,OH,607106.1349974507,,,,,1,Nonspecialized,0,1162.1693191112718,rucc_econtype_lowed
402,2,True,42003,Allegheny County,PA,620629.1866047897,49035,Salt Lake County,UT,622247.5969848083,,,,,1,Nonspecialized,0,1618.4103800186422,rucc_econtype_lowed
403,2,True,26125,Oakland County,MI,648072.536477536,36059,Nassau County,NY,674305.9104677127,,,,,1,Nonspecialized,0,26233.37399017671,rucc_econtype_lowed
404,2,True,27053,Hennepin County,MN,698218.1699558394,12057,Hillsborough County,FL,737389.7703300864,,,,,1,Nonspecialized,0,39171.60037424695,rucc_econtype_lowed
405,2,True,42101,Philadelphia County,PA,767541.6545173632,26163,Wayne County,MI,789079.7676423665,,,,,1,Nonspecialized,0,21538.113125003292,rucc_econtype_lowed
406,2,True,6001,Alameda County,CA,867254.963659587,25017,Middlesex County,MA,871690.9470338792,,,,,1,Nonspecialized,0,4435.983374292264,rucc_econtype_lowed
407,2,True,36061,New York County,NY,884613.0,12011,Broward County,FL,973567.3919200897,,,,,1,Nonspecialized,0,88954.39192008972,rucc_econtype_lowed
408,2,True,48029,Bexar County,TX,986394.1517527378,48439,Tarrant County,TX,1068210.5141069898,,,,,1,Nonspecialized,0,81816.36235425202,rucc_econtype_lowed
409,2,True,36081,Queens County,NY,1163353.8006658205,53033,King County,WA,1235772.394614608,,,,,1,Nonspecialized,0,72418.59394878754,rucc_econtype_lowed
410,2,True,36047,Kings County,NY,1289579.6956002386,6059,Orange County,CA,1586630.980489618,,,,,1,Nonspecialized,0,297051.2848893793,rucc_econtype_lowed
411,3,True,6073,San Diego County,CA,1677937.961965199,4013,Maricopa County,AZ,2162860.74552144,17031,Cook County,IL,2641291.263954856,1,Nonspecialized,0,963353.3019896569,rucc_econtype_lowed
412,2,True,2060,Bristol Bay Borough,AK,402.49500231444836,2013,Aleutians East Borough,AK,1626.0798012688756,,,,,9,Maufacturing,0,1223.5847989544272,rucc_econtype_lowed
413,2,True,19003,Adams County,IA,1657.0591869652271,38081,Sargent County,ND,1762.607491798699,,,,,9,Maufacturing,0,105.54830483347178,rucc_econtype_lowed
414,2,True,5013,Calhoun County,AR,1854.8160949081648,2070,Dillingham Census Area,AK,2307.637992992997,,,,,9,Maufacturing,0,452.82189808483236,rucc_econtype_lowed
415,2,True,17047,Edwards County,IL,2471.2870908230543,29211,Sullivan County,MO,2540.428501613438,,,,,9,Maufacturing,0,69.14141079038382,rucc_econtype_lowed
416,2,True,55051,Iron County,WI,2719.4889069721103,31167,Stanton County,NE,2830.949213400483,,,,,9,Maufacturing,0,111.46030642837286,rucc_econtype_lowed
417,2,True,47127,Moore County,TN,2835.1699875742197,19185,Wayne County,IA,2905.025103136897,,,,,9,Maufacturing,0,69.85511556267738,rucc_econtype_lowed
418,2,True,54095,Tyler County,WV,2985.9937116503716,21007,Ballard County,KY,3296.9556053206325,,,,,9,Maufacturing,0,310.9618936702609,rucc_econtype_lowed
419,2,True,19177,Van Buren County,IA,3339.921648474039,1023,Choctaw County,AL,4380.704999871552,,,,,9,Maufacturing,0,1040.783351397513,rucc_econtype_lowed
420,2,True,29173,Ralls County,MO,4392.569982893765,21229,Washington County,KY,5335.565685465932,,,,,9,Maufacturing,0,942.9957025721669,rucc_econtype_lowed
421,2,True,55099,Price County,WI,6229.808475568891,28061,Jasper County,MS,6237.1368300096365,,,,,9,Maufacturing,0,7.328354440745898,rucc_econtype_lowed
422,2,True,5089,Marion County,AR,6520.089698389173,26133,Osceola County,MI,9978.244454542386,,,,,9,Maufacturing,0,3458.1547561532134,rucc_econtype_lowed
423,2,True,42023,Cameron County,PA,1971.3954128846526,5099,Nevada County,AR,3246.1061941311345,,,,,7,Maufacturing,0,1274.710781246482,rucc_econtype_lowed
424,2,True,31099,Kearney County,NE,3329.888796262443,19135,Monroe County,IA,3388.5535159011124,,,,,7,Maufacturing,0,58.66471963866934,rucc_econtype_lowed
425,2,True,20205,Wilson County,KS,3956.0405963882804,19091,Humboldt County,IA,4443.142895311117,,,,,7,Maufacturing,0,487.1022989228368,rucc_econtype_lowed
426,2,True,28161,Yalobusha County,MS,4791.861032426357,19131,Mitchell County,IA,4967.852680206299,,,,,7,Maufacturing,0,175.99164777994156,rucc_econtype_lowed
427,2,True,19081,Hancock County,IA,5080.002598848478,27033,Cottonwood County,MN,5358.590135164559,,,,,7,Maufacturing,0,278.58753631608124,rucc_econtype_lowed
428,2,True,13161,Jeff Davis County,GA,5441.092498406768,20001,Allen County,KS,5609.04230555892,,,,,7,Maufacturing,0,167.94980715215206,rucc_econtype_lowed
429,2,True,17025,Clay County,IL,5889.69470247304,2150,Kodiak Island Borough,AK,6225.255940437317,,,,,7,Maufacturing,0,335.5612379642771,rucc_econtype_lowed
430,2,True,29143,New Madrid County,MO,6413.547907939646,5003,Ashley County,AR,6624.272159859538,,,,,7,Maufacturing,0,210.72425191989169,rucc_econtype_lowed
431,2,True,1099,Monroe County,AL,6840.454605013132,13017,Ben Hill County,GA,6979.354577720165,,,,,7,Maufacturing,0,138.89997270703316,rucc_econtype_lowed
432,2,True,19067,Floyd County,IA,7350.719824120402,37015,Bertie County,NC,7466.418740428984,,,,,7,Maufacturing,0,115.69891630858183,rucc_econtype_lowed
433,2,True,27135,Roseau County,MN,7488.645461701293,1025,Clarke County,AL,7987.960394412279,,,,,7,Maufacturing,0,499.3149327109859,rucc_econtype_lowed
434,2,True,28043,Grenada County,MS,8305.892368674278,17033,Crawford County,IL,8310.940202832222,,,,,7,Maufacturing,0,5.047834157943726,rucc_econtype_lowed
435,2,True,21155,Marion County,KY,8680.56960619503,18049,Fulton County,IN,8913.30267560482,,,,,7,Maufacturing,0,232.73306940979091,rucc_econtype_lowed
436,2,True,5027,Columbia County,AR,8939.332897527143,26109,Menominee County,MI,9451.405748859048,,,,,7,Maufacturing,0,512.0728513319045,rucc_econtype_lowed
437,2,True,39175,Wyandot County,OH,10167.903386861086,47185,White County,TN,10188.373820573092,,,,,7,Maufacturing,0,20.470433712005615,rucc_econtype_lowed
438,2,True,27105,Nobles County,MN,10366.04428127408,39131,Pike County,OH,11239.647932840744,,,,,7,Maufacturing,0,873.6036515666638,rucc_econtype_lowed
439,2,True,26029,Charlevoix County,MI,11594.567297071218,51173,Smyth County,VA,12063.049701733507,,,,,7,Maufacturing,0,468.4824046622889,rucc_econtype_lowed
440,2,True,46135,Yankton County,SD,12081.243827015162,55057,Juneau County,WI,12392.190976724029,,,,,7,Maufacturing,0,310.9471497088671,rucc_econtype_lowed
441,2,True,47131,Obion County,TN,12803.703135475516,42047,Elk County,PA,13449.605846986655,,,,,7,Maufacturing,0,645.9027115111385,rucc_econtype_lowed
442,2,True,21157,Marshall County,KY,13489.833520025015,39079,Jackson County,OH,13697.16451510787,,,,,7,Maufacturing,0,207.33099508285522,rucc_econtype_lowed
443,2,True,20113,McPherson County,KS,13936.607996970415,5063,Independence County,AR,14063.831616913936,,,,,7,Maufacturing,0,127.22361994352104,rucc_econtype_lowed
444,2,True,28095,Monroe County,MS,14465.729765221477,26165,Wexford County,MI,14983.722479135991,,,,,7,Maufacturing,0,517.9927139145148,rucc_econtype_lowed
445,2,True,18151,Steuben County,IN,16026.440922737122,19167,Sioux County,IA,17383.725647568703,,,,,7,Maufacturing,0,1357.2847248315811,rucc_econtype_lowed
446,2,True,42065,Jefferson County,PA,19349.233481526375,39107,Mercer County,OH,20728.37836895988,,,,,7,Maufacturing,0,1379.1448874335038,rucc_econtype_lowed
447,2,True,2016,Aleutians West Census Area,AK,2484.7357992380857,13003,Atkinson County,GA,3210.769802380353,,,,,9,Maufacturing,1,726.0340031422675,rucc_econtype_lowed
448,2,True,1131,Wilcox County,AL,3665.713797353208,21053,Clinton County,KY,3735.804705075687,,,,,9,Maufacturing,1,70.09090772247873,rucc_econtype_lowed
449,3,True,21169,Metcalfe County,KY,4215.169087635237,1027,Clay County,AL,5545.431071102619,21207,Russell County,KY,7268.848500369582,9,Maufacturing,1,3053.6794127343455,rucc_econtype_lowed
450,2,True,13265,Taliaferro County,GA,603.9053951390088,13301,Warren County,GA,2019.9155998900533,,,,,8,Nonspecialized,1,1416.0102047510445,rucc_econtype_lowed
451,2,True,22081,Red River Parish,LA,2903.1758018918335,28157,Wilkinson County,MS,3037.9952153488994,,,,,8,Nonspecialized,1,134.81941345706582,rucc_econtype_lowed
452,2,True,1105,Perry County,AL,3084.2107994258404,13269,Taylor County,GA,3160.8318096771836,,,,,8,Nonspecialized,1,76.62101025134325,rucc_econtype_lowed
453,2,True,22021,Caldwell Parish,LA,3266.2429843358696,47135,Perry County,TN,3457.1592970192432,,,,,8,Nonspecialized,1,190.9163126833737,rucc_econtype_lowed
454,2,True,28005,Amite County,MS,4500.964195206761,28041,Greene County,MS,5195.229510366917,,,,,8,Nonspecialized,1,694.2653151601553,rucc_econtype_lowed
455,2,True,47087,Jackson County,TN,5305.178602129221,39163,Vinton County,OH,5411.076379665137,,,,,8,Nonspecialized,1,105.89777753591625,rucc_econtype_lowed
456,2,True,47061,Grundy County,TN,5503.484370030463,1029,Cleburne County,AL,5861.669896773994,,,,,8,Nonspecialized,1,358.1855267435312,rucc_econtype_lowed
457,2,True,13119,Franklin County,GA,10055.813835958863,48407,San Jacinto County,TX,10360.94529607676,,,,,8,Nonspecialized,1,305.1314601178965,rucc_econtype_lowed
458,2,True,51690,Martinsville city,VA,5329.469633407891,17137,Morgan County,IL,14744.147402316332,,,,,4,Nonspecialized,0,9414.677768908441,rucc_econtype_lowed
459,2,True,31001,Adams County,NE,15536.723843187094,17105,Livingston County,IL,15662.176466867328,,,,,4,Nonspecialized,0,125.45262368023396,rucc_econtype_lowed
460,2,True,48321,Matagorda County,TX,15779.624861299992,35039,Rio Arriba County,NM,15809.142321571257,,,,,4,Nonspecialized,0,29.51746027126501,rucc_econtype_lowed
461,2,True,17055,Franklin County,IL,16557.50308482816,51590,Danville city,VA,16844.930820137262,,,,,4,Nonspecialized,0,287.427735309102,rucc_econtype_lowed
462,2,True,20037,Crawford County,KS,17233.60120138526,17121,Marion County,IL,17265.020270854235,,,,,4,Nonspecialized,0,31.419069468975067,rucc_econtype_lowed
463,2,True,8085,Montrose County,CO,17975.70397657156,29201,Scott County,MO,18015.750794791616,,,,,4,Nonspecialized,0,40.04681822005659,rucc_econtype_lowed
464,2,True,31053,Dodge County,NE,18244.228345264928,37083,Halifax County,NC,18661.89975118637,,,,,4,Nonspecialized,0,417.6714059214428,rucc_econtype_lowed
465,2,True,13275,Thomas County,GA,19921.445591807365,51089,Henry County,VA,20146.566432237625,,,,,4,Nonspecialized,0,225.1208404302597,rucc_econtype_lowed
466,2,True,18065,Henry County,IN,20837.67081964074,47053,Gibson County,TN,21010.356727659702,,,,,4,Nonspecialized,0,172.68590801896062,rucc_econtype_lowed
467,2,True,27067,Kandiyohi County,MN,21286.161957075296,32023,Nye County,NV,21396.019870877266,,,,,4,Nonspecialized,0,109.85791380197043,rucc_econtype_lowed
468,2,True,36023,Cortland County,NY,21737.81476828456,54055,Mercer County,WV,21817.99970203638,,,,,4,Nonspecialized,0,80.18493375182152,rucc_econtype_lowed
469,2,True,36057,Montgomery County,NY,22149.353597819805,17095,Knox County,IL,22192.21716505319,,,,,4,Nonspecialized,0,42.86356723338395,rucc_econtype_lowed
470,2,True,1031,Coffee County,AL,22467.102488040924,47035,Cumberland County,TN,22780.029311783444,,,,,4,Nonspecialized,0,312.92682374252036,rucc_econtype_lowed
471,2,True,16011,Bingham County,ID,23233.98549638217,27049,Goodhue County,MN,23779.11861250449,,,,,4,Nonspecialized,0,545.1331161223206,rucc_econtype_lowed
472,2,True,36035,Fulton County,NY,23843.12699854205,51143,Pittsylvania County,VA,23924.047639906406,,,,,4,Nonspecialized,0,80.9206413643551,rucc_econtype_lowed
473,2,True,37107,Lenoir County,NC,24040.61385866662,39167,Washington County,OH,24438.431297957897,,,,,4,Nonspecialized,0,397.81743929127697,rucc_econtype_lowed
474,2,True,39005,Ashland County,OH,24462.67455056245,17141,Ogle County,IL,24643.303151014938,,,,,4,Nonspecialized,0,180.62860045248817,rucc_econtype_lowed
475,2,True,31019,Buffalo County,NE,24933.277864530057,32019,Lyon County,NV,25334.840393243765,,,,,4,Nonspecialized,0,401.56252871370816,rucc_econtype_lowed
476,2,True,47031,Coffee County,TN,25382.278558984064,39147,Seneca County,OH,25570.05819684267,,,,,4,Nonspecialized,0,187.7796378586063,rucc_econtype_lowed
477,2,True,16065,Madison County,ID,25748.98151230812,37161,Rutherford County,NC,26120.810670830062,,,,,4,Nonspecialized,0,371.8291585219413,rucc_econtype_lowed
478,2,True,6103,Tehama County,CA,26389.543407559395,6033,Lake County,CA,26874.39474373008,,,,,4,Nonspecialized,0,484.8513361706864,rucc_econtype_lowed
479,2,True,36037,Genesee County,NY,27385.515547971125,39145,Scioto County,OH,27682.090372264385,,,,,4,Nonspecialized,0,296.57482429326046,rucc_econtype_lowed
480,2,True,20155,Reno County,KS,28546.60779494047,26067,Ionia County,MI,29122.723194122314,,,,,4,Nonspecialized,0,576.1153991818428,rucc_econtype_lowed
481,2,True,53027,Grays Harbor County,WA,29506.08135208387,48213,Henderson County,TX,30234.593354523182,,,,,4,Nonspecialized,0,728.5120024393109,rucc_econtype_lowed
482,2,True,26155,Shiawassee County,MI,31105.22527364487,5145,White County,AR,31255.930180411087,,,,,4,Nonspecialized,0,150.70490676621557,rucc_econtype_lowed
483,2,True,40125,Pottawatomie County,OK,31288.71489159658,36009,Cattaraugus County,NY,32400.911619172664,,,,,4,Nonspecialized,0,1112.1967275760835,rucc_econtype_lowed
484,2,True,25011,Franklin County,MA,32829.77510003089,27131,Rice County,MN,33220.203040629625,,,,,4,Nonspecialized,0,390.4279405987327,rucc_econtype_lowed
485,2,True,45075,Orangeburg County,SC,33597.858232215265,55097,Portage County,WI,33900.62470463967,,,,,4,Nonspecialized,0,302.7664724244023,rucc_econtype_lowed
486,2,True,41059,Umatilla County,OR,33939.71844494343,36011,Cayuga County,NY,34295.626893235385,,,,,4,Nonspecialized,0,355.90844829195703,rucc_econtype_lowed
487,2,True,53041,Lewis County,WA,34964.77228879632,42033,Clearfield County,PA,34983.686905149836,,,,,4,Nonspecialized,0,18.914616353518795,rucc_econtype_lowed
488,2,True,55141,Wood County,WI,35744.15678888559,47141,Putnam County,TN,36315.451577425,,,,,4,Nonspecialized,0,571.2947885394096,rucc_econtype_lowed
489,2,True,33005,Cheshire County,NH,36839.768718242645,1043,Cullman County,AL,37851.33798249085,,,,,4,Nonspecialized,0,1011.5692642482027,rucc_econtype_lowed
490,2,True,39119,Muskingum County,OH,38396.28452674532,42073,Lawrence County,PA,38833.862684145395,,,,,4,Nonspecialized,0,437.5781574000721,rucc_econtype_lowed
491,2,True,42097,Northumberland County,PA,40839.246010619914,36101,Steuben County,NY,41100.72302253544,,,,,4,Nonspecialized,0,261.47701191552915,rucc_econtype_lowed
492,2,True,41019,Douglas County,OR,43067.4008638008,37045,Cleveland County,NC,43525.328617821506,,,,,4,Nonspecialized,0,457.927754020704,rucc_econtype_lowed
493,2,True,39029,Columbiana County,OH,44347.21216511354,17099,La Salle County,IL,51901.19446311367,,,,,4,Nonspecialized,0,7553.982298000134,rucc_econtype_lowed
494,2,True,36013,Chautauqua County,NY,53841.16829627589,37085,Harnett County,NC,59512.835106438884,,,,,4,Nonspecialized,0,5671.666810162991,rucc_econtype_lowed
495,2,True,42107,Schuylkill County,PA,64349.36657052109,9005,Litchfield County,CT,93976.23617880873,,,,,4,Nonspecialized,0,29626.86960828764,rucc_econtype_lowed
496,2,True,16023,Butte County,ID,1063.0857958644629,54105,Wirt County,WV,2106.9583134166896,,,,,3,Nonspecialized,0,1043.8725175522268,rucc_econtype_lowed
497,2,True,22023,Cameron Parish,LA,2413.41589868092,5025,Cleveland County,AR,2647.0297110662796,,,,,3,Nonspecialized,0,233.61381238535978,rucc_econtype_lowed
498,2,True,20043,Doniphan County,KS,3522.0318001918495,17053,Ford County,IL,5714.402625247836,,,,,3,Nonspecialized,0,2192.3708250559866,rucc_econtype_lowed
499,2,True,20085,Jackson County,KS,6087.388757586479,21123,Larue County,KY,6594.300507672131,,,,,3,Nonspecialized,0,506.9117500856519,rucc_econtype_lowed
500,2,True,17039,De Witt County,IL,6981.3160119354725,29135,Moniteau County,MO,7014.273634105921,,,,,3,Nonspecialized,0,32.9576221704483,rucc_econtype_lowed
501,2,True,1067,Henry County,AL,7270.300533905625,47023,Chester County,TN,7791.482714968064,,,,,3,Nonspecialized,0,521.1821810624388,rucc_econtype_lowed
502,2,True,13183,Long County,GA,7870.544600948691,42093,Montour County,PA,8082.440791383386,,,,,3,Nonspecialized,0,211.8961904346943,rucc_econtype_lowed
503,2,True,29003,Andrew County,MO,8198.582074165344,1107,Pickens County,AL,8266.741976499557,,,,,3,Nonspecialized,0,68.15990233421326,rucc_econtype_lowed
504,2,True,46127,Union County,SD,8711.738188102841,27055,Houston County,MN,9555.800707876682,,,,,3,Nonspecialized,0,844.0625197738409,rucc_econtype_lowed
505,2,True,51079,Greene County,VA,9793.633487442508,51820,Waynesboro city,VA,9985.098843574524,,,,,3,Nonspecialized,0,191.4653561320156,rucc_econtype_lowed
506,2,True,27039,Dodge County,MN,10109.065382881556,53003,Asotin County,WA,10114.208337157965,,,,,3,Nonspecialized,0,5.142954276409,rucc_econtype_lowed
507,2,True,19183,Washington County,IA,10460.493246288599,27045,Fillmore County,MN,10769.96587221534,,,,,3,Nonspecialized,0,309.4726259267409,rucc_econtype_lowed
508,2,True,51790,Staunton city,VA,11584.83759623766,13169,Jones County,GA,11720.586372703314,,,,,3,Nonspecialized,0,135.74877646565437,rucc_econtype_lowed
509,2,True,19017,Bremer County,IA,11909.139110162854,45053,Jasper County,SC,12027.5084951967,,,,,3,Nonspecialized,0,118.3693850338459,rucc_econtype_lowed
510,2,True,51065,Fluvanna County,VA,13011.549531258643,21163,Meade County,KY,13436.198029831052,,,,,3,Nonspecialized,0,424.64849857240915,rucc_econtype_lowed
511,2,True,51840,Winchester city,VA,13730.912604883313,20149,Pottawatomie County,KS,13849.127487421036,,,,,3,Nonspecialized,0,118.21488253772259,rucc_econtype_lowed
512,2,True,13177,Lee County,GA,14132.37213397026,27119,Polk County,MN,15228.887606237317,,,,,3,Nonspecialized,0,1096.5154722670559,rucc_econtype_lowed
513,2,True,5091,Miller County,AR,16607.65684339404,38059,Morton County,ND,16807.322906807065,,,,,3,Nonspecialized,0,199.66606341302395,rucc_econtype_lowed
514,2,True,48459,Upshur County,TX,17341.001047372818,16069,Nez Perce County,ID,17421.60143992654,,,,,3,Nonspecialized,0,80.60039255372249,rucc_econtype_lowed
515,2,True,54069,Ohio County,WV,18148.19907346368,13219,Oconee County,GA,18660.82036846876,,,,,3,Nonspecialized,0,512.6212950050831,rucc_econtype_lowed
516,2,True,37065,Edgecombe County,NC,21667.454027240725,47019,Carter County,TN,22857.097878217697,,,,,3,Nonspecialized,0,1189.6438509769723,rucc_econtype_lowed
517,2,True,47089,Jefferson County,TN,24003.328177034855,1033,Colbert County,AL,24968.273523569107,,,,,3,Nonspecialized,0,964.9453465342522,rucc_econtype_lowed
518,2,True,51660,Harrisonburg city,VA,25024.205778360367,50011,Franklin County,VT,26328.495991330594,,,,,3,Nonspecialized,0,1304.290212970227,rucc_econtype_lowed
519,2,True,29145,Newton County,MO,26350.85470382488,39081,Jefferson County,OH,27273.63549643755,,,,,3,Nonspecialized,0,922.7807926126698,rucc_econtype_lowed
520,2,True,42037,Columbia County,PA,28942.45389608947,28073,Lamar County,MS,29152.319202005863,,,,,3,Nonspecialized,0,209.86530591639166,rucc_econtype_lowed
521,2,True,17183,Vermilion County,IL,31333.648798555136,27027,Clay County,MN,32033.640437533482,,,,,3,Nonspecialized,0,699.9916389783466,rucc_econtype_lowed
522,2,True,41033,Josephine County,OR,33639.82612727478,54107,Wood County,WV,34184.150862812996,,,,,3,Nonspecialized,0,544.3247355382191,rucc_econtype_lowed
523,2,True,46083,Lincoln County,SD,34677.135224983096,51015,Augusta County,VA,34871.07074876502,,,,,3,Nonspecialized,0,193.93552378192544,rucc_econtype_lowed
524,2,True,12055,Highlands County,FL,36321.052486911416,27013,Blue Earth County,MN,37848.44200608396,,,,,3,Nonspecialized,0,1527.389519172546,rucc_econtype_lowed
525,2,True,30013,Cascade County,MT,37880.55875527361,36015,Chemung County,NY,38363.852165359654,,,,,3,Nonspecialized,0,483.2934100860439,rucc_econtype_lowed
526,2,True,29031,Cape Girardeau County,MO,38763.276602983475,51165,Rockingham County,VA,40440.55261791684,,,,,3,Nonspecialized,0,1677.2760149333626,rucc_econtype_lowed
527,2,True,1077,Lauderdale County,AL,40819.279517650604,37127,Nash County,NC,42102.37549234519,,,,,3,Nonspecialized,0,1283.0959746945882,rucc_econtype_lowed
528,2,True,45085,Sumter County,SC,42931.29288351536,1055,Etowah County,AL,43672.88533863716,,,,,3,Nonspecialized,0,741.592455121805,rucc_econtype_lowed
529,2,True,53015,Cowlitz County,WA,44287.1395444455,47113,Madison County,TN,44402.09049975872,,,,,3,Nonspecialized,0,114.95095531322295,rucc_econtype_lowed
530,2,True,51069,Frederick County,VA,44629.79579468258,1069,Houston County,AL,45453.01075339317,,,,,3,Nonspecialized,0,823.214958710596,rucc_econtype_lowed
531,2,True,21059,Daviess County,KY,45761.940638553,39003,Allen County,OH,45810.105424006644,,,,,3,Nonspecialized,0,48.16478545364225,rucc_econtype_lowed
532,2,True,12017,Citrus County,FL,47043.291500119725,26017,Bay County,MI,47159.15355413547,,,,,3,Nonspecialized,0,115.86205401574261,rucc_econtype_lowed
533,2,True,18167,Vigo County,IN,48024.3484000593,18091,LaPorte County,IN,48497.78161621094,,,,,3,Nonspecialized,0,473.43321615163586,rucc_econtype_lowed
534,2,True,36109,Tompkins County,NY,49231.74008542299,19061,Dubuque County,IA,49500.068570911884,,,,,3,Nonspecialized,0,268.3284854888916,rucc_econtype_lowed
535,2,True,17091,Kankakee County,IL,49927.201944589615,42001,Adams County,PA,50233.258487611776,,,,,3,Nonspecialized,0,306.05654302216135,rucc_econtype_lowed
536,2,True,5031,Craighead County,AR,50327.591921565036,42081,Lycoming County,PA,51911.63258036226,,,,,3,Nonspecialized,0,1584.0406587972248,rucc_econtype_lowed
537,2,True,19193,Woodbury County,IA,52332.55363970995,37191,Wayne County,NC,53064.126900038566,,,,,3,Nonspecialized,0,731.573260328616,rucc_econtype_lowed
538,2,True,13185,Lowndes County,GA,53429.0,39139,Richland County,OH,53877.0,,,,,3,Nonspecialized,0,448.0,rucc_econtype_lowed
539,2,True,42013,Blair County,PA,54093.39114959538,23001,Androscoggin County,ME,54189.208400116535,,,,,3,Nonspecialized,0,95.81725052115507,rucc_econtype_lowed
540,2,True,46103,Pennington County,SD,54238.47617024183,29097,Jasper County,MO,55164.95142364502,,,,,3,Nonspecialized,0,926.4752534031868,rucc_econtype_lowed
541,2,True,55035,Eau Claire County,WI,55575.9987179641,48451,Tom Green County,TX,55862.0,,,,,3,Nonspecialized,0,286.001282035897,rucc_econtype_lowed
542,2,True,36045,Jefferson County,NY,55888.28410387039,22079,Rapides Parish,LA,55976.07847723068,,,,,3,Nonspecialized,0,87.79437336028786,rucc_econtype_lowed
543,2,True,42021,Cambria County,PA,56194.68856796634,16019,Bonneville County,ID,56556.85874964105,,,,,3,Nonspecialized,0,362.17018167470815,rucc_econtype_lowed
544,2,True,22105,Tangipahoa Parish,LA,56759.74286559783,53057,Skagit County,WA,56938.617636232695,,,,,3,Nonspecialized,0,178.87477063486585,rucc_econtype_lowed
545,2,True,45041,Florence County,SC,57659.765953895636,39023,Clark County,OH,60076.21994688263,,,,,3,Nonspecialized,0,2416.4539929869934,rucc_econtype_lowed
546,2,True,48181,Grayson County,TX,61882.271186252816,55063,La Crosse County,WI,62773.156400197884,,,,,3,Nonspecialized,0,890.8852139450682,rucc_econtype_lowed
547,2,True,21227,Warren County,KY,66860.05859561649,13021,Bibb County,GA,66948.12502651522,,,,,3,Nonspecialized,0,88.0664308987325,rucc_econtype_lowed
548,2,True,42075,Lebanon County,PA,67135.60602419497,48441,Taylor County,TX,68481.0,,,,,3,Nonspecialized,0,1345.3939758050255,rucc_econtype_lowed
549,2,True,22073,Ouachita Parish,LA,69312.39446294168,26075,Jackson County,MI,70110.18220003124,,,,,3,Nonspecialized,0,797.7877370895585,rucc_econtype_lowed
550,2,True,8101,Pueblo County,CO,70701.76779635623,26115,Monroe County,MI,70896.61147475243,,,,,3,Nonspecialized,0,194.84367839619517,rucc_econtype_lowed
551,2,True,8077,Mesa County,CO,71765.39174719155,23019,Penobscot County,ME,72532.34680174291,,,,,3,Nonspecialized,0,766.955054551363,rucc_econtype_lowed
552,2,True,42055,Franklin County,PA,73737.8304531656,6089,Shasta County,CA,75194.1214480924,,,,,3,Nonspecialized,0,1456.2909949267923,rucc_econtype_lowed
553,2,True,30111,Yellowstone County,MT,78708.81314383307,37001,Alamance County,NC,81526.54522958663,,,,,3,Nonspecialized,0,2817.7320857535524,rucc_econtype_lowed
554,2,True,55105,Rock County,WI,82386.63110616966,26145,Saginaw County,MI,82389.80397805013,,,,,3,Nonspecialized,0,3.1728718804661185,rucc_econtype_lowed
555,2,True,17113,McLean County,IL,83857.0,27145,Stearns County,MN,84652.18171712861,,,,,3,Nonspecialized,0,795.1817171286093,rucc_econtype_lowed
556,2,True,27109,Olmsted County,MN,85108.94871161692,22019,Calcasieu Parish,LA,89921.03502821922,,,,,3,Nonspecialized,0,4812.086316602305,rucc_econtype_lowed
557,2,True,50007,Chittenden County,VT,91080.86989278486,41029,Jackson County,OR,96576.96120002306,,,,,3,Nonspecialized,0,5496.091307238195,rucc_econtype_lowed
558,2,True,6007,Butte County,CA,96581.0,55087,Outagamie County,WI,100026.26440076144,,,,,3,Nonspecialized,0,3445.2644007614435,rucc_econtype_lowed
559,2,True,12091,Okaloosa County,FL,103415.99040550971,46099,Minnehaha County,SD,106026.3067176938,,,,,3,Nonspecialized,0,2610.3163121840917,rucc_econtype_lowed
560,3,True,48423,Smith County,TX,106040.9494105576,38017,Cass County,ND,106924.0,37133,Onslow County,NC,107270.91200568061,3,Nonspecialized,0,1229.9625951230119,rucc_econtype_lowed
561,2,True,13283,Treutlen County,GA,2467.1601850688457,48111,Dallam County,TX,3054.825199007988,,,,,7,Nonspecialized,1,587.6650139391422,rucc_econtype_lowed
562,2,True,22065,Madison Parish,LA,3379.080590426922,5011,Bradley County,AR,3668.143717303872,,,,,7,Nonspecialized,1,289.06312687695026,rucc_econtype_lowed
563,2,True,28097,Montgomery County,MS,3770.497213244438,48507,Zavala County,TX,3858.3788139671087,,,,,7,Nonspecialized,1,87.88160072267056,rucc_econtype_lowed
564,2,True,1035,Conecuh County,AL,4011.9674158021808,13005,Bacon County,GA,4318.581697024405,,,,,7,Nonspecialized,1,306.61428122222424,rucc_econtype_lowed
565,2,True,28103,Noxubee County,MS,4371.091218844056,48115,Dawson County,TX,4946.137716546655,,,,,7,Nonspecialized,1,575.0464977025986,rucc_econtype_lowed
566,2,True,29155,Pemiscot County,MO,6073.346622392535,22029,Concordia Parish,LA,6626.824390545487,,,,,7,Nonspecialized,1,553.4777681529522,rucc_econtype_lowed
567,2,True,22041,Franklin Parish,LA,6672.097563773394,21115,Johnson County,KY,7311.238210260868,,,,,7,Nonspecialized,1,639.1406464874744,rucc_econtype_lowed
568,2,True,28153,Wayne County,MS,7595.924885451794,28027,Coahoma County,MS,8336.347021728754,,,,,7,Nonspecialized,1,740.4221362769604,rucc_econtype_lowed
569,2,True,28133,Sunflower County,MS,9226.698003321886,21121,Knox County,KY,9789.681252837181,,,,,7,Nonspecialized,1,562.983249515295,rucc_econtype_lowed
570,2,True,29069,Dunklin County,MO,10969.392017483711,28011,Bolivar County,MS,11009.22097080946,,,,,7,Nonspecialized,1,39.828953325748444,rucc_econtype_lowed
571,2,True,51117,Mecklenburg County,VA,11851.498852521181,21235,Whitley County,KY,11899.710919052362,,,,,7,Nonspecialized,1,48.212066531181335,rucc_econtype_lowed
572,2,True,18027,Daviess County,IN,14935.491830572486,13069,Coffee County,GA,16698.707233071327,,,,,7,Nonspecialized,1,1763.2154024988413,rucc_econtype_lowed
573,2,True,13249,Schley County,GA,1839.453601103276,1037,Coosa County,AL,4196.752787498583,,,,,8,Maufacturing,1,2357.2991863953066,rucc_econtype_lowed
574,2,True,47121,Meigs County,TN,5128.834420455692,21099,Hart County,KY,7913.667210100335,,,,,8,Maufacturing,1,2784.8327896446426,rucc_econtype_lowed
575,2,True,13307,Webster County,GA,947.8752015940845,17155,Putnam County,IL,2503.2150004655123,,,,,8,Maufacturing,0,1555.3397988714278,rucc_econtype_lowed
576,2,True,51021,Bland County,VA,2535.9264007993042,19071,Fremont County,IA,2974.252805452794,,,,,8,Maufacturing,0,438.3264046534896,rucc_econtype_lowed
577,2,True,54085,Ritchie County,WV,3031.822299465537,19093,Ida County,IA,3209.111891280794,,,,,8,Maufacturing,0,177.28959181525715,rucc_econtype_lowed
578,2,True,48403,Sabine County,TX,3698.9070063978434,28077,Lawrence County,MS,4251.948211602867,,,,,8,Maufacturing,0,553.0412052050233,rucc_econtype_lowed
579,2,True,19115,Louisa County,IA,4897.899000783327,1041,Crenshaw County,AL,5245.583040907979,,,,,8,Maufacturing,0,347.6840401246518,rucc_econtype_lowed
580,2,True,1129,Washington County,AL,5325.032991714776,1075,Lamar County,AL,5409.096020877361,,,,,8,Maufacturing,0,84.06302916258574,rucc_econtype_lowed
581,2,True,28129,Smith County,MS,5416.393591448665,39111,Monroe County,OH,5497.2342993319035,,,,,8,Maufacturing,0,80.84070788323879,rucc_econtype_lowed
582,2,True,42057,Fulton County,PA,6330.906725086272,51141,Patrick County,VA,6961.985681250691,,,,,8,Maufacturing,0,631.0789561644197,rucc_econtype_lowed
583,2,True,55077,Marquette County,WI,7157.100078568808,23021,Piscataquis County,ME,7238.224300555885,,,,,8,Maufacturing,0,81.12422198707645,rucc_econtype_lowed
584,2,True,28141,Tishomingo County,MS,7749.039038702846,51001,Accomack County,VA,13541.058559805155,,,,,8,Maufacturing,0,5792.019521102309,rucc_econtype_lowed
585,2,True,20035,Cowley County,KS,15585.28905300796,42035,Clinton County,PA,17021.296903541603,,,,,4,Maufacturing,0,1436.0078505336423,rucc_econtype_lowed
586,2,True,18017,Cass County,IN,17397.789025962353,5093,Mississippi County,AR,17801.807293585967,,,,,4,Maufacturing,0,404.0182676236145,rucc_econtype_lowed
587,2,True,39039,Defiance County,OH,17897.585068702698,29159,Pettis County,MO,18900.582733094692,,,,,4,Maufacturing,0,1002.9976643919945,rucc_econtype_lowed
588,2,True,19127,Marshall County,IA,19353.87642365694,27099,Mower County,MN,19384.533994295198,,,,,4,Maufacturing,0,30.65757063825731,rucc_econtype_lowed
589,2,True,39033,Crawford County,OH,19512.650465667248,42087,Mifflin County,PA,19871.650934162317,,,,,4,Maufacturing,0,359.0004684950691,rucc_econtype_lowed
590,2,True,5055,Greene County,AR,20002.79330858226,18033,DeKalb County,IN,20135.907147845253,,,,,4,Maufacturing,0,133.1138392629946,rucc_econtype_lowed
591,2,True,19139,Muscatine County,IA,20288.7590920507,17177,Stephenson County,IL,20511.69747524179,,,,,4,Maufacturing,0,222.9383831910891,rucc_econtype_lowed
592,2,True,1045,Dale County,AL,20727.090127915144,18071,Jackson County,IN,21790.42019018531,,,,,4,Maufacturing,0,1063.3300622701645,rucc_econtype_lowed
593,2,True,19045,Clinton County,IA,21795.130823999643,42121,Venango County,PA,21945.993742142084,,,,,4,Maufacturing,0,150.86291814244032,rucc_econtype_lowed
594,2,True,39011,Auglaize County,OH,22570.961746782064,39149,Shelby County,OH,22792.09571802616,,,,,4,Maufacturing,0,221.13397124409676,rucc_econtype_lowed
595,2,True,47107,McMinn County,TN,23075.45769070329,17195,Whiteside County,IL,24719.892734140158,,,,,4,Maufacturing,0,1644.435043436868,rucc_econtype_lowed
596,2,True,27169,Winona County,MN,25312.845821006456,28067,Jones County,MS,25830.806861759163,,,,,4,Maufacturing,0,517.961040752707,rucc_econtype_lowed
597,2,True,26149,St. Joseph County,MI,26564.54415857792,39143,Sandusky County,OH,27258.589541226625,,,,,4,Maufacturing,0,694.0453826487064,rucc_econtype_lowed
598,2,True,39077,Huron County,OH,27509.373997856805,39083,Knox County,OH,27691.540247815894,,,,,4,Maufacturing,0,182.16624995908933,rucc_econtype_lowed
599,2,True,47059,Greene County,TN,28120.462418973446,37105,Lee County,NC,28242.678401709767,,,,,4,Maufacturing,0,122.21598273632117,rucc_econtype_lowed
600,2,True,45047,Greenwood County,SC,28442.792258887697,39101,Marion County,OH,28852.66530674367,,,,,4,Maufacturing,0,409.8730478559737,rucc_econtype_lowed
601,2,True,18053,Grant County,IN,29323.566395521164,13285,Troup County,GA,30115.947943508625,,,,,4,Maufacturing,0,792.3815479874611,rucc_econtype_lowed
602,2,True,1121,Talladega County,AL,31998.839835414547,45073,Oconee County,SC,33564.74592578411,,,,,4,Maufacturing,0,1565.9060903695645,rucc_econtype_lowed
603,2,True,37195,Wilson County,NC,33834.895706483454,42039,Crawford County,PA,36001.506789495004,,,,,4,Maufacturing,0,2166.6110830115504,rucc_econtype_lowed
604,2,True,39063,Hancock County,OH,36825.77409047421,13157,Jackson County,GA,37257.48934286568,,,,,4,Maufacturing,0,431.71525239147013,rucc_econtype_lowed
605,2,True,18085,Kosciusko County,IN,38194.4912884573,55071,Manitowoc County,WI,39043.083092451096,,,,,4,Maufacturing,0,848.5918039937969,rucc_econtype_lowed
606,2,True,39007,Ashtabula County,OH,42517.683453206206,39157,Tuscarawas County,OH,42767.04452270642,,,,,4,Maufacturing,0,249.3610695002135,rucc_econtype_lowed
607,2,True,26091,Lenawee County,MI,43162.101334095,55055,Jefferson County,WI,44499.11652491446,,,,,4,Maufacturing,0,1337.0151908194603,rucc_econtype_lowed
608,2,True,55027,Dodge County,WI,46853.15574783555,39169,Wayne County,OH,53208.96706220624,,,,,4,Maufacturing,0,6355.811314370687,rucc_econtype_lowed
609,2,True,55127,Walworth County,WI,54158.34265626207,26005,Allegan County,MI,56119.3653882363,,,,,4,Maufacturing,0,1961.0227319742262,rucc_econtype_lowed
610,2,True,1047,Dallas County,AL,13941.33843189478,13233,Polk County,GA,18994.860294997692,,,,,4,Maufacturing,1,5053.521863102913,rucc_econtype_lowed
611,2,True,47003,Bedford County,TN,23458.718859374523,45021,Cherokee County,SC,24703.685216846527,,,,,4,Maufacturing,1,1244.9663574720034,rucc_econtype_lowed
612,2,True,13129,Gordon County,GA,25151.050716855563,1095,Marshall County,AL,39822.898471951485,,,,,4,Maufacturing,1,14671.847755095921,rucc_econtype_lowed
613,2,True,13101,Echols County,GA,1434.3376977164298,13273,Terrell County,GA,3408.2136149555445,,,,,3,Nonspecialized,1,1973.8759172391146,rucc_econtype_lowed
614,2,True,13173,Lanier County,GA,3826.949198268354,13235,Pulaski County,GA,4769.609604410827,,,,,3,Nonspecialized,1,942.6604061424732,rucc_econtype_lowed
615,2,True,13079,Crawford County,GA,5017.34388114512,1065,Hale County,AL,5237.237605528062,,,,,3,Nonspecialized,1,219.8937243829423,rucc_econtype_lowed
616,2,True,13025,Brantley County,GA,6996.576045856811,5111,Poinsett County,AR,9210.547305989116,,,,,3,Nonspecialized,1,2213.9712601323045,rucc_econtype_lowed
617,2,True,1061,Geneva County,AL,11304.875043451786,13195,Madison County,GA,13443.485210719227,,,,,3,Nonspecialized,1,2138.6101672674413,rucc_econtype_lowed
618,2,True,22057,Lafourche Parish,LA,42646.74669230137,6101,Sutter County,CA,43366.30982398393,,,,,3,Nonspecialized,1,719.5631316825602,rucc_econtype_lowed
619,2,True,13115,Floyd County,GA,43691.67725965008,22109,Terrebonne Parish,LA,47455.970822203904,,,,,3,Nonspecialized,1,3764.293562553823,rucc_econtype_lowed
620,3,True,6039,Madera County,CA,63251.095806153025,34011,Cumberland County,NJ,65447.926872364274,53077,Yakima County,WA,111166.9190631403,3,Nonspecialized,1,47915.82325698728,rucc_econtype_lowed
621,2,True,51091,Highland County,VA,1000.7844058275223,31105,Kimball County,NE,1538.1599918752909,,,,,8,Nonspecialized,0,537.3755860477686,rucc_econtype_lowed
622,2,True,48023,Baylor County,TX,1567.2895052209496,53069,Wahkiakum County,WA,1769.5311042442918,,,,,8,Nonspecialized,0,202.24159902334213,rucc_econtype_lowed
623,2,True,55078,Menominee County,WI,1937.5530110150576,17059,Gallatin County,IL,1957.624191775918,,,,,8,Nonspecialized,0,20.071180760860443,rucc_econtype_lowed
624,2,True,13263,Talbot County,GA,2317.0476117655635,27087,Mahnomen County,MN,2457.2654088251293,,,,,8,Nonspecialized,0,140.21779705956578,rucc_econtype_lowed
625,2,True,5073,Lafayette County,AR,2466.4575008335523,28063,Jefferson County,MS,2564.864799205214,,,,,8,Nonspecialized,0,98.40729837166145,rucc_econtype_lowed
626,2,True,51097,King and Queen County,VA,2677.1833065263927,1063,Greene County,AL,2736.9720037057996,,,,,8,Nonspecialized,0,59.78869717940688,rucc_econtype_lowed
627,2,True,51181,Surry County,VA,2892.6394085399806,28021,Claiborne County,MS,3230.9826069176197,,,,,8,Nonspecialized,0,338.34319837763906,rucc_econtype_lowed
628,2,True,47083,Houston County,TN,3365.2449022606015,19001,Adair County,IA,3433.0482124555565,,,,,8,Nonspecialized,0,67.80331019495497,rucc_econtype_lowed
629,2,True,55091,Pepin County,WI,3461.901525784284,51049,Cumberland County,VA,3783.145523171872,,,,,8,Nonspecialized,0,321.243997387588,rucc_econtype_lowed
630,2,True,27029,Clearwater County,MN,3870.4880081303418,48315,Marion County,TX,4124.700816072524,,,,,8,Nonspecialized,0,254.21280794218183,rucc_econtype_lowed
631,2,True,28065,Jefferson Davis County,MS,4347.7285128980875,54007,Braxton County,WV,4363.620000042021,,,,,8,Nonspecialized,0,15.891487143933773,rucc_econtype_lowed
632,2,True,51037,Charlotte County,VA,4504.41811003536,37029,Camden County,NC,4735.308625280857,,,,,8,Nonspecialized,0,230.89051524549723,rucc_econtype_lowed
633,2,True,48379,Rains County,TX,4774.298101305962,18025,Crawford County,IN,4838.044490642846,,,,,8,Nonspecialized,0,63.74638933688402,rucc_econtype_lowed
634,2,True,51131,Northampton County,VA,4978.6072863042355,5141,Van Buren County,AR,5867.069787639892,,,,,8,Nonspecialized,0,888.4625013356563,rucc_econtype_lowed
635,2,True,37143,Perquimans County,NC,5947.037398219109,30089,Sanders County,MT,6133.473794617894,,,,,8,Nonspecialized,0,186.4363963987853,rucc_econtype_lowed
636,2,True,55011,Buffalo County,WI,6301.917876817286,51113,Madison County,VA,6630.557188458741,,,,,8,Nonspecialized,0,328.6393116414547,rucc_econtype_lowed
637,2,True,28031,Covington County,MS,7042.556588411331,13011,Banks County,GA,7789.507417863002,,,,,8,Nonspecialized,0,746.9508294516709,rucc_econtype_lowed
638,3,True,37149,Polk County,NC,7833.637813508511,19043,Clayton County,IA,8124.080195346571,18147,Spencer County,IN,9103.076983466744,8,Nonspecialized,0,1269.4391699582338,rucc_econtype_lowed
639,2,True,21091,Hancock County,KY,4029.904602412389,5081,Little River County,AR,4686.828410139438,,,,,3,Maufacturing,0,656.9238077270493,rucc_econtype_lowed
640,2,True,21031,Butler County,KY,5081.841022329085,28111,Perry County,MS,5222.82298694551,,,,,3,Maufacturing,0,140.9819646164251,rucc_econtype_lowed
641,2,True,47033,Crockett County,TN,5794.277289201622,29151,Osage County,MO,6254.129588373005,,,,,3,Maufacturing,0,459.8522991713835,rucc_econtype_lowed
642,2,True,18165,Vermillion County,IN,6620.494617789984,22111,Union Parish,LA,7133.687992696621,,,,,3,Maufacturing,0,513.1933749066375,rucc_econtype_lowed
643,2,True,47171,Unicoi County,TN,7266.20222312212,51071,Giles County,VA,7545.7502996054245,,,,,3,Maufacturing,0,279.5480764833046,rucc_econtype_lowed
644,2,True,18015,Carroll County,IN,9378.690591186285,18119,Owen County,IN,9542.604528665543,,,,,3,Maufacturing,0,163.91393747925758,rucc_econtype_lowed
645,2,True,54009,Brooke County,WV,9647.396951928735,27157,Wabasha County,MN,10897.383747055894,,,,,3,Maufacturing,0,1249.986795127159,rucc_econtype_lowed
646,2,True,18021,Clay County,IN,11351.508409701171,13225,Peach County,GA,11574.051217317814,,,,,3,Maufacturing,0,222.54280761664268,rucc_econtype_lowed
647,2,True,54029,Hancock County,WV,12447.22203721106,54057,Mineral County,WV,12550.128589332104,,,,,3,Maufacturing,0,102.9065521210432,rucc_econtype_lowed
648,2,True,19149,Plymouth County,IA,12694.246460616589,54051,Marshall County,WV,13087.181998237967,,,,,3,Maufacturing,0,392.9355376213789,rucc_econtype_lowed
649,2,True,1079,Lawrence County,AL,14094.271983221173,51155,Pulaski County,VA,15189.241355817692,,,,,3,Maufacturing,0,1094.969372596519,rucc_econtype_lowed
650,2,True,27103,Nicollet County,MN,18870.212180018425,27009,Benton County,MN,22417.58921596111,,,,,3,Maufacturing,0,3547.3770359426853,rucc_econtype_lowed
651,2,True,47063,Hamblen County,TN,26309.124855516173,45031,Darlington County,SC,26774.31525688828,,,,,3,Maufacturing,0,465.19040137210686,rucc_econtype_lowed
652,2,True,55015,Calumet County,WI,26860.02562621911,31079,Hall County,NE,29473.903998434544,,,,,3,Maufacturing,0,2613.878372215433,rucc_econtype_lowed
653,2,True,55017,Chippewa County,WI,33926.83721917868,26111,Midland County,MI,37913.0035830093,,,,,3,Maufacturing,0,3986.16636383062,rucc_econtype_lowed
654,2,True,29021,Buchanan County,MO,38340.149363696575,18067,Howard County,IN,38433.17318451297,,,,,3,Maufacturing,0,93.02382081639371,rucc_econtype_lowed
655,2,True,18005,Bartholomew County,IN,38587.57981699705,17115,Macon County,IL,45595.60300844908,,,,,3,Maufacturing,0,7008.023191452026,rucc_econtype_lowed
656,2,True,47011,Bradley County,TN,48778.99619537592,1103,Morgan County,AL,52588.31515657529,,,,,3,Maufacturing,0,3809.318961199373,rucc_econtype_lowed
657,2,True,55039,Fond du Lac County,WI,53339.15352725983,55117,Sheboygan County,WI,58852.30424334413,,,,,3,Maufacturing,0,5513.150716084303,rucc_econtype_lowed
658,2,True,41043,Linn County,OR,59738.02457168605,26025,Calhoun County,MI,60513.224824905396,,,,,3,Maufacturing,0,775.2002532193437,rucc_econtype_lowed
659,2,True,19013,Black Hawk County,IA,66047.88340008311,49005,Cache County,UT,66418.43312377878,,,,,3,Maufacturing,0,370.5497236956726,rucc_econtype_lowed
660,2,True,26021,Berrien County,MI,69241.6264251069,55073,Marathon County,WI,70692.18959078926,,,,,3,Maufacturing,0,1450.563165682368,rucc_econtype_lowed
661,2,True,26121,Muskegon County,MI,78734.69490006326,55139,Winnebago County,WI,88756.68968868494,,,,,3,Maufacturing,0,10021.994788621683,rucc_econtype_lowed
662,2,True,55101,Racine County,WI,94049.7905387106,18039,Elkhart County,IN,95425.27914748297,,,,,3,Maufacturing,0,1375.4886087723717,rucc_econtype_lowed
663,2,True,16015,Boise County,ID,3148.1939968317747,12065,Jefferson County,FL,5336.860331881886,,,,,2,Federal/State Government,0,2188.6663350501112,rucc_econtype_lowed
664,2,True,12041,Gilchrist County,FL,6680.9417834565975,19129,Mills County,IA,6692.228379674256,,,,,2,Federal/State Government,0,11.28659621765837,rucc_econtype_lowed
665,2,True,47129,Morgan County,TN,8430.474947898183,45037,Edgefield County,SC,10982.92909014225,,,,,2,Federal/State Government,0,2552.454142244067,rucc_econtype_lowed
666,2,True,24039,Somerset County,MD,11378.732934862375,12129,Wakulla County,FL,12421.145333513618,,,,,2,Federal/State Government,0,1042.4123986512423,rucc_econtype_lowed
667,2,True,51009,Amherst County,VA,14349.519723635618,54099,Wayne County,WV,14601.329819440842,,,,,2,Federal/State Government,0,251.81009580522368,rucc_econtype_lowed
668,2,True,28045,Hancock County,MS,19027.67200472951,48099,Coryell County,TX,34951.679605356534,,,,,2,Federal/State Government,0,15924.007600627025,rucc_econtype_lowed
669,2,True,1083,Limestone County,AL,49376.4087562561,45077,Pickens County,SC,57507.900639962405,,,,,2,Federal/State Government,0,8131.491883706301,rucc_econtype_lowed
670,2,True,54003,Berkeley County,WV,59286.953056395054,37135,Orange County,NC,70009.06549765839,,,,,2,Federal/State Government,0,10722.112441263336,rucc_econtype_lowed
671,2,True,25015,Hampshire County,MA,76693.29285103083,39057,Greene County,OH,80299.18461133089,,,,,2,Federal/State Government,0,3605.891760300059,rucc_econtype_lowed
672,2,True,39133,Portage County,OH,84017.74810279859,13245,Richmond County,GA,94868.07547573745,,,,,2,Federal/State Government,0,10850.32737293886,rucc_econtype_lowed
673,2,True,36065,Oneida County,NY,99720.52831070498,1101,Montgomery County,AL,100735.90876075835,,,,,2,Federal/State Government,0,1015.3804500533734,rucc_econtype_lowed
674,2,True,28049,Hinds County,MS,101487.93536758423,23031,York County,ME,107154.56822324928,,,,,2,Federal/State Government,0,5666.632855665055,rucc_econtype_lowed
675,2,True,53035,Kitsap County,WA,132052.52020067163,12001,Alachua County,FL,132537.30865903466,,,,,2,Federal/State Government,0,484.7884583630366,rucc_econtype_lowed
676,2,True,49057,Weber County,UT,135023.63356990565,53067,Thurston County,WA,138864.7902463785,,,,,2,Federal/State Government,0,3841.156676472863,rucc_econtype_lowed
677,2,True,42043,Dauphin County,PA,142176.8521000959,26065,Ingham County,MI,144517.33600028476,,,,,2,Federal/State Government,0,2340.483900188876,rucc_econtype_lowed
678,2,True,12073,Leon County,FL,151199.76200007577,2020,Anchorage Municipality,AK,151710.66408585664,,,,,2,Federal/State Government,0,510.9020857808646,rucc_econtype_lowed
679,2,True,36001,Albany County,NY,159702.0,41047,Marion County,OR,160216.28285151237,,,,,2,Federal/State Government,0,514.2828515123692,rucc_econtype_lowed
680,2,True,21067,Fayette County,KY,168911.92495025322,31109,Lancaster County,NE,171805.2533090493,,,,,2,Federal/State Government,0,2893.328358796076,rucc_econtype_lowed
681,2,True,49011,Davis County,UT,178085.05734592464,34021,Mercer County,NJ,184432.78403063517,,,,,2,Federal/State Government,0,6347.726684710535,rucc_econtype_lowed
682,2,True,5119,Pulaski County,AR,185992.46910361573,26161,Washtenaw County,MI,186959.46880027594,,,,,2,Federal/State Government,0,966.9996966602048,rucc_econtype_lowed
683,2,True,1089,Madison County,AL,189122.8934329819,45079,Richland County,SC,206586.16822926933,,,,,2,Federal/State Government,0,17463.274796287442,rucc_econtype_lowed
684,2,True,45019,Charleston County,SC,206747.70703133196,22033,East Baton Rouge Parish,LA,219086.62593984604,,,,,2,Federal/State Government,0,12338.918908514082,rucc_econtype_lowed
685,3,True,55025,Dane County,WI,310029.8905166768,35001,Bernalillo County,NM,323050.49137206015,15003,Honolulu County,HI,498519.0,2,Federal/State Government,0,188489.10948332318,rucc_econtype_lowed
686,2,True,48065,Carson County,TX,2498.034389398992,1085,Lowndes County,AL,4432.511611707509,,,,,2,Maufacturing,0,1934.4772223085165,rucc_econtype_lowed
687,2,True,17123,Marshall County,IL,5215.110585120114,45017,Calhoun County,SC,5957.591371923685,,,,,2,Maufacturing,0,742.4807868035714,rucc_econtype_lowed
688,2,True,21017,Bourbon County,KY,9440.999619995942,55061,Kewaunee County,WI,9868.546795025468,,,,,2,Maufacturing,0,427.54717502952553,rucc_econtype_lowed
689,2,True,28029,Copiah County,MS,11225.507979750633,45087,Union County,SC,11655.984208003152,,,,,2,Maufacturing,0,430.4762282525189,rucc_econtype_lowed
690,2,True,42131,Wyoming County,PA,12005.749816049356,18129,Posey County,IN,12050.523710484384,,,,,2,Maufacturing,0,44.773894435027614,rucc_econtype_lowed
691,2,True,18179,Wells County,IN,13126.872006475925,18183,Whitley County,IN,15928.10872554779,,,,,2,Maufacturing,0,2801.236719071865,rucc_econtype_lowed
692,2,True,37003,Alexander County,NC,16099.085143237608,17203,Woodford County,IL,17081.284456700254,,,,,2,Maufacturing,0,982.1993134626464,rucc_econtype_lowed
693,2,True,23023,Sagadahoc County,ME,18478.382747471333,21101,Henderson County,KY,18745.212316453457,,,,,2,Maufacturing,0,266.82956898212433,rucc_econtype_lowed
694,2,True,39051,Fulton County,OH,21183.763794814004,36107,Tioga County,NY,22064.06175490399,,,,,2,Maufacturing,0,880.2979600899853,rucc_econtype_lowed
695,2,True,37093,Hoke County,NC,22106.328108530724,47073,Hawkins County,TN,22470.834678380437,,,,,2,Maufacturing,0,364.50656984971283,rucc_econtype_lowed
696,2,True,1113,Russell County,AL,24532.15099745989,5033,Crawford County,AR,26039.638230992365,,,,,2,Maufacturing,0,1507.4872335324762,rucc_econtype_lowed
697,2,True,17007,Boone County,IL,26322.960782847178,21209,Scott County,KY,26634.949348196096,,,,,2,Maufacturing,0,311.9885653489182,rucc_econtype_lowed
698,2,True,49003,Box Elder County,UT,27793.192854538254,26015,Barry County,MI,28132.299161696108,,,,,2,Maufacturing,0,339.10630715785373,rucc_econtype_lowed
699,2,True,55021,Columbia County,WI,29753.527354518417,13295,Walker County,GA,29841.174121826887,,,,,2,Maufacturing,0,87.64676730846986,rucc_econtype_lowed
700,2,True,13103,Effingham County,GA,30600.379351893003,47001,Anderson County,TN,34225.31523505725,,,,,2,Maufacturing,0,3624.9358831642458,rucc_econtype_lowed
701,2,True,48361,Orange County,TX,37284.80882549286,37023,Burke County,NC,38553.91194579261,,,,,2,Maufacturing,0,1269.1031202997547,rucc_econtype_lowed
702,2,True,37157,Rockingham County,NC,39610.28376163612,39109,Miami County,OH,52851.44299653964,,,,,2,Maufacturing,0,13241.15923490352,rucc_econtype_lowed
703,2,True,5131,Sebastian County,AR,55303.451007666066,17179,Tazewell County,IL,61705.8016114909,,,,,2,Maufacturing,0,6402.350603824831,rucc_econtype_lowed
704,2,True,28059,Jackson County,MS,63806.0,37151,Randolph County,NC,65081.008540800874,,,,,2,Maufacturing,0,1275.0085408008745,rucc_econtype_lowed
705,2,True,35043,Sandoval County,NM,65334.07896846149,39173,Wood County,OH,65945.72561246157,,,,,2,Maufacturing,0,611.6466440000804,rucc_econtype_lowed
706,2,True,47163,Sullivan County,TN,69043.91732340198,37035,Catawba County,NC,75083.15600427613,,,,,2,Maufacturing,0,6039.238680874143,rucc_econtype_lowed
707,2,True,39155,Trumbull County,OH,83954.31557147393,45007,Anderson County,SC,91010.69773433544,,,,,2,Maufacturing,0,7056.3821628615115,rucc_econtype_lowed
708,2,True,17201,Winnebago County,IL,131504.0643546863,26139,Ottawa County,MI,151635.26913323064,,,,,2,Maufacturing,0,20131.204778544343,rucc_econtype_lowed
709,3,True,45083,Spartanburg County,SC,153382.96654496534,37063,Durham County,NC,170935.9980134523,20173,Sedgwick County,KS,249039.3100699283,2,Maufacturing,0,95656.34352496295,rucc_econtype_lowed
710,2,True,46047,Fall River County,SD,2637.4775903075933,6049,Modoc County,CA,3019.3217699304223,,,,,6,Federal/State Government,0,381.84417962282896,rucc_econtype_lowed
711,2,True,30077,Powell County,MT,3133.650798909366,16035,Clearwater County,ID,3613.579216361046,,,,,6,Federal/State Government,0,479.9284174516797,rucc_econtype_lowed
712,2,True,35051,Sierra County,NM,4240.178201377392,13023,Bleckley County,GA,4847.942767381668,,,,,6,Federal/State Government,0,607.7645660042763,rucc_econtype_lowed
713,2,True,40035,Craig County,OK,5727.382710002363,5043,Drew County,AR,6029.224990040064,,,,,6,Federal/State Government,0,301.84228003770113,rucc_econtype_lowed
714,2,True,35053,Socorro County,NM,6079.944446101785,12029,Dixie County,FL,6262.035170771182,,,,,6,Federal/State Government,0,182.09072466939688,rucc_econtype_lowed
715,2,True,16043,Fremont County,ID,6510.610318124294,17181,Union County,IL,6830.905643685852,,,,,6,Federal/State Government,0,320.29532556155755,rucc_econtype_lowed
716,2,True,16049,Idaho County,ID,6843.899986684322,18121,Parke County,IN,6927.347314709157,,,,,6,Federal/State Government,0,83.44732802483486,rucc_econtype_lowed
717,2,True,48457,Tyler County,TX,7401.80846619606,45049,Hampton County,SC,7497.747008338571,,,,,6,Federal/State Government,0,95.93854214251041,rucc_econtype_lowed
718,2,True,1087,Macon County,AL,7643.5642121732235,13091,Dodge County,GA,7675.702645242214,,,,,6,Federal/State Government,0,32.13843306899071,rucc_econtype_lowed
719,2,True,46027,Clay County,SD,7755.223206311464,51147,Prince Edward County,VA,8542.130438879132,,,,,6,Federal/State Government,0,786.907232567668,rucc_econtype_lowed
720,2,True,5123,St. Francis County,AR,8659.574590008546,48293,Limestone County,TX,8777.603188380599,,,,,6,Federal/State Government,0,118.02859837205324,rucc_econtype_lowed
721,2,True,29147,Nodaway County,MO,8999.570474654436,17145,Perry County,IL,9173.699660033359,,,,,6,Federal/State Government,0,174.12918537892256,rucc_econtype_lowed
722,2,True,35006,Cibola County,NM,9308.860526798126,35047,San Miguel County,NM,10660.507086817175,,,,,6,Federal/State Government,0,1351.6465600190495,rucc_econtype_lowed
723,2,True,13305,Wayne County,GA,11105.591041639658,12133,Washington County,FL,11456.860320657492,,,,,6,Federal/State Government,0,351.26927901783347,rucc_econtype_lowed
724,2,True,13261,Sumter County,GA,11979.663626879454,41045,Malheur County,OR,12111.221398174763,,,,,6,Federal/State Government,0,131.55777129530907,rucc_econtype_lowed
725,2,True,21177,Muhlenberg County,KY,12444.396002750123,1109,Pike County,AL,12479.96001586318,,,,,6,Federal/State Government,0,35.56401311305672,rucc_econtype_lowed
726,2,True,49039,Sanpete County,UT,12659.881997770935,47143,Rhea County,TN,13217.6396883009,,,,,6,Federal/State Government,0,557.7576905299647,rucc_econtype_lowed
727,2,True,51099,King George County,VA,13693.563028866425,13187,Lumpkin County,GA,14114.621227815747,,,,,6,Federal/State Government,0,421.0581989493221,rucc_econtype_lowed
728,2,True,36099,Seneca County,NY,15711.88126796484,18103,Miami County,IN,15815.003179043531,,,,,6,Federal/State Government,0,103.12191107869148,rucc_econtype_lowed
729,2,True,6005,Amador County,CA,15819.187191218138,36031,Essex County,NY,16162.080028563738,,,,,6,Federal/State Government,0,342.8928373456001,rucc_econtype_lowed
730,2,True,42031,Clarion County,PA,16196.088980317116,48147,Fannin County,TX,16286.16822595043,,,,,6,Federal/State Government,0,90.07924563331471,rucc_econtype_lowed
731,2,True,26107,Mecosta County,MI,17314.805640245788,12063,Jackson County,FL,17407.853182859515,,,,,6,Federal/State Government,0,93.04754261372727,rucc_econtype_lowed
732,2,True,37099,Jackson County,NC,17650.680444967,36121,Wyoming County,NY,18375.557946294546,,,,,6,Federal/State Government,0,724.8775013275445,rucc_econtype_lowed
733,2,True,22117,Washington Parish,LA,19372.319933332503,42061,Huntingdon County,PA,19429.05065995129,,,,,6,Federal/State Government,0,56.73072661878541,rucc_econtype_lowed
734,2,True,4001,Apache County,AZ,20614.721324920654,36039,Greene County,NY,21103.296782642603,,,,,6,Federal/State Government,0,488.5754577219486,rucc_econtype_lowed
735,2,True,55081,Monroe County,WI,21498.169444337487,42127,Wayne County,PA,22217.97067599585,,,,,6,Federal/State Government,0,719.8012316583627,rucc_econtype_lowed
736,3,True,55033,Dunn County,WI,24336.307492767548,55043,Grant County,WI,25387.447691679,46113,Shannon County,SD,,6,Federal/State Government,0,1051.140198911453,rucc_econtype_lowed
737,2,True,32021,Mineral County,NV,1886.8674029409885,56017,Hot Springs County,WY,2127.906510800123,,,,,7,Nonspecialized,0,241.03910785913467,rucc_econtype_lowed
738,2,True,20147,Phillips County,KS,2392.4303997568786,46129,Walworth County,SD,2528.866412550211,,,,,7,Nonspecialized,0,136.43601279333234,rucc_econtype_lowed
739,2,True,5095,Monroe County,AR,2566.1524948640727,30073,Pondera County,MT,2616.6313866972923,,,,,7,Nonspecialized,0,50.47889183321968,rucc_econtype_lowed
740,2,True,20137,Norton County,KS,2619.2988050691783,20123,Mitchell County,KS,2678.405381977558,,,,,7,Nonspecialized,0,59.10657690837979,rucc_econtype_lowed
741,2,True,51640,Galax city,VA,2723.252988383174,17009,Brown County,IL,2854.935985416174,,,,,7,Nonspecialized,0,131.682997033,rucc_econtype_lowed
742,2,True,20053,Ellsworth County,KS,2944.913384243846,48307,McCulloch County,TX,3029.2121984288096,,,,,7,Nonspecialized,0,84.2988141849637,rucc_econtype_lowed
743,2,True,31127,Nemaha County,NE,3301.46280330047,31095,Jefferson County,NE,3378.6899673081934,,,,,7,Nonspecialized,0,77.22716400772333,rucc_econtype_lowed
744,2,True,56043,Washakie County,WY,3543.829805187881,46051,Grant County,SD,3594.647981107235,,,,,7,Nonspecialized,0,50.81817591935396,rucc_econtype_lowed
745,2,True,35037,Quay County,NM,3725.011217555497,20193,Thomas County,KS,3810.3578957021236,,,,,7,Nonspecialized,0,85.3466781466268,rucc_econtype_lowed
746,2,True,56031,Platte County,WY,3966.4883915632963,2220,Sitka City and Borough,AK,4019.5834035277367,,,,,7,Nonspecialized,0,53.095011964440346,rucc_econtype_lowed
747,2,True,30021,Dawson County,MT,4109.46485619992,29079,Grundy County,MO,4156.568203091621,,,,,7,Nonspecialized,0,47.10334689170122,rucc_econtype_lowed
748,2,True,20029,Cloud County,KS,4177.5128995627165,13043,Candler County,GA,4227.305476053734,,,,,7,Nonspecialized,0,49.792576491017826,rucc_econtype_lowed
749,2,True,31033,Cheyenne County,NE,4245.321610465646,20159,Rice County,KS,4345.82400726527,,,,,7,Nonspecialized,0,100.50239679962397,rucc_econtype_lowed
750,2,True,48159,Franklin County,TX,4428.335419368814,19063,Emmet County,IA,4549.12160345912,,,,,7,Nonspecialized,0,120.78618409030605,rucc_econtype_lowed
751,2,True,37187,Washington County,NC,4580.5529305413365,54023,Grant County,WV,4603.609713695943,,,,,7,Nonspecialized,0,23.05678315460682,rucc_econtype_lowed
752,2,True,2180,Nome Census Area,AK,4770.907430052757,8105,Rio Grande County,CO,4789.456016674638,,,,,7,Nonspecialized,0,18.54858662188053,rucc_econtype_lowed
753,2,True,31013,Box Butte County,NE,4864.4812969863415,31145,Red Willow County,NE,4885.970608487725,,,,,7,Nonspecialized,0,21.48931150138378,rucc_econtype_lowed
754,2,True,30085,Roosevelt County,MT,4957.912814565003,8099,Prowers County,CO,4977.655818857253,,,,,7,Nonspecialized,0,19.74300429224968,rucc_econtype_lowed
755,2,True,19189,Winnebago County,IA,5026.360468931496,29115,Linn County,MO,5032.014485910535,,,,,7,Nonspecialized,0,5.654016979038715,rucc_econtype_lowed
756,2,True,30027,Fergus County,MT,5084.208996750414,21033,Caldwell County,KY,5087.295920689125,,,,,7,Nonspecialized,0,3.0869239387102425,rucc_econtype_lowed
757,2,True,16021,Boundary County,ID,5131.806812569499,45009,Bamberg County,SC,5373.846915699542,,,,,7,Nonspecialized,0,242.04010313004255,rucc_econtype_lowed
758,2,True,30017,Custer County,MT,5451.652823910117,40023,Choctaw County,OK,5481.791614219546,,,,,7,Nonspecialized,0,30.13879030942917,rucc_econtype_lowed
759,2,True,19007,Appanoose County,IA,5508.015023522079,56015,Goshen County,WY,5763.948619097471,,,,,7,Nonspecialized,0,255.93359557539225,rucc_econtype_lowed
760,2,True,49027,Millard County,UT,5778.255923986435,40099,Murray County,OK,5808.809225052595,,,,,7,Nonspecialized,0,30.553301066160202,rucc_econtype_lowed
761,2,True,29065,Dent County,MO,5953.755584284663,8071,Las Animas County,CO,6038.065720934188,,,,,7,Nonspecialized,0,84.3101366495248,rucc_econtype_lowed
762,2,True,21203,Rockcastle County,KY,6081.06300322192,27159,Wadena County,MN,6390.407721566036,,,,,7,Nonspecialized,0,309.3447183441167,rucc_econtype_lowed
763,2,True,47005,Benton County,TN,6447.574968010187,37121,Mitchell County,NC,6576.332621715963,,,,,7,Nonspecialized,0,128.75765370577574,rucc_econtype_lowed
764,2,True,5135,Sharp County,AR,6660.965588421212,17149,Pike County,IL,6738.998901873827,,,,,7,Nonspecialized,0,78.0333134526154,rucc_econtype_lowed
765,2,True,13001,Appling County,GA,6794.338182024658,1091,Marengo County,AL,6840.66312558949,,,,,7,Nonspecialized,0,46.32494356483221,rucc_econtype_lowed
766,2,True,17015,Carroll County,IL,6972.046459343779,17159,Richland County,IL,7012.528081361408,,,,,7,Nonspecialized,0,40.48162201762898,rucc_econtype_lowed
767,2,True,20133,Neosho County,KS,7032.5229015648365,17191,Wayne County,IL,7173.528799712658,,,,,7,Nonspecialized,0,141.00589814782143,rucc_econtype_lowed
768,2,True,56007,Carbon County,WY,7192.925610333681,30041,Hill County,MT,7245.3181791603565,,,,,7,Nonspecialized,0,52.392568826675415,rucc_econtype_lowed
769,2,True,19101,Jefferson County,IA,7256.5052004903555,55023,Crawford County,WI,7488.646114602685,,,,,7,Nonspecialized,0,232.14091411232948,rucc_econtype_lowed
770,2,True,28159,Winston County,MS,7526.332785651088,5113,Polk County,AR,7875.225271538424,,,,,7,Nonspecialized,0,348.8924858873361,rucc_econtype_lowed
771,2,True,28025,Clay County,MS,7921.670430317521,19041,Clay County,IA,7940.497661828995,,,,,7,Nonspecialized,0,18.827231511473656,rucc_econtype_lowed
772,2,True,17067,Hancock County,IL,8040.296635611972,5121,Randolph County,AR,8116.5077966090175,,,,,7,Nonspecialized,0,76.21116099704523,rucc_econtype_lowed
773,2,True,29217,Vernon County,MO,8120.567678838968,20041,Dickinson County,KS,8508.267897516489,,,,,7,Nonspecialized,0,387.70021867752075,rucc_econtype_lowed
774,2,True,51167,Russell County,VA,8689.328884691,2050,Bethel Census Area,AK,8866.71615330875,,,,,7,Nonspecialized,0,177.3872686177492,rucc_econtype_lowed
775,2,True,20099,Labette County,KS,8925.774527534842,19157,Poweshiek County,IA,9007.10606636107,,,,,7,Nonspecialized,0,81.33153882622719,rucc_econtype_lowed
776,2,True,46005,Beadle County,SD,9268.650396212935,27091,Martin County,MN,9481.631634026766,,,,,7,Nonspecialized,0,212.98123781383038,rucc_econtype_lowed
777,2,True,19027,Carroll County,IA,9507.716579838598,19191,Winneshiek County,IA,9563.271131753922,,,,,7,Nonspecialized,0,55.55455191532383,rucc_econtype_lowed
778,2,True,49041,Sevier County,UT,9582.796988159418,46035,Davison County,SD,9658.362405776978,,,,,7,Nonspecialized,0,75.56541761755943,rucc_econtype_lowed
779,2,True,38093,Stutsman County,ND,9856.628887471328,13279,Toombs County,GA,9953.79189042747,,,,,7,Nonspecialized,0,97.16300295614201,rucc_econtype_lowed
780,2,True,47133,Overton County,TN,10238.568632602692,19123,Mahaska County,IA,10283.013979593263,,,,,7,Nonspecialized,0,44.445346990571124,rucc_econtype_lowed
781,2,True,21137,Lincoln County,KY,10447.581867669971,21217,Taylor County,KY,10518.318354561925,,,,,7,Nonspecialized,0,70.73648689195397,rucc_econtype_lowed
782,2,True,28099,Neshoba County,MS,11086.342109575868,26043,Dickinson County,MI,11377.453464776278,,,,,7,Nonspecialized,0,291.1113552004099,rucc_econtype_lowed
783,2,True,54083,Randolph County,WV,11389.812872260809,13257,Stephens County,GA,11495.75383426249,,,,,7,Nonspecialized,0,105.94096200168133,rucc_econtype_lowed
784,2,True,26007,Alpena County,MI,11571.611792758107,27083,Lyon County,MN,11801.37030622363,,,,,7,Nonspecialized,0,229.75851346552372,rucc_econtype_lowed
785,2,True,51035,Carroll County,VA,11806.247406899929,40089,McCurtain County,OK,11888.283842474222,,,,,7,Nonspecialized,0,82.03643557429314,rucc_econtype_lowed
786,2,True,23029,Washington County,ME,12604.01279515028,47079,Henry County,TN,13084.360439807177,,,,,7,Nonspecialized,0,480.3476446568966,rucc_econtype_lowed
787,2,True,21021,Boyle County,KY,13183.128273845628,26063,Huron County,MI,13416.128023386002,,,,,7,Nonspecialized,0,232.99974954037316,rucc_econtype_lowed
788,2,True,28003,Alcorn County,MS,14281.330234095454,5009,Boone County,AR,14487.741715461016,,,,,7,Nonspecialized,0,206.41148136556149,rucc_econtype_lowed
789,2,True,50005,Caledonia County,VT,14654.876390024438,17011,Bureau County,IL,14762.784024380177,,,,,7,Nonspecialized,0,107.90763435573899,rucc_econtype_lowed
790,2,True,27047,Freeborn County,MN,14877.830746948719,29091,Howell County,MO,15084.1439833045,,,,,7,Nonspecialized,0,206.31323635578156,rucc_econtype_lowed
791,2,True,17049,Effingham County,IL,15181.061868544377,56033,Sheridan County,WY,15182.900742650032,,,,,7,Nonspecialized,0,1.8388741056551225,rucc_econtype_lowed
792,2,True,40123,Pontotoc County,OK,15544.06845434336,21083,Graves County,KY,15620.690361976624,,,,,7,Nonspecialized,0,76.62190763326362,rucc_econtype_lowed
793,2,True,5005,Baxter County,AR,16131.67383578862,17081,Jefferson County,IL,16984.826240356866,,,,,7,Nonspecialized,0,853.1524045682454,rucc_econtype_lowed
794,2,True,42109,Snyder County,PA,17114.617621712037,56013,Fremont County,WY,18058.019561618567,,,,,7,Nonspecialized,0,943.4019399065292,rucc_econtype_lowed
795,2,True,33019,Sullivan County,NH,19818.91332047549,23003,Aroostook County,ME,27205.640354931355,,,,,7,Nonspecialized,0,7386.727034455864,rucc_econtype_lowed
796,2,True,13271,Telfair County,GA,4596.99640211463,31037,Colfax County,NE,5129.007374498702,,,,,7,Maufacturing,1,532.0109723840724,rucc_econtype_lowed
797,2,True,28017,Chickasaw County,MS,7241.430327437818,21231,Wayne County,KY,7396.021115894429,,,,,7,Maufacturing,1,154.59078845661134,rucc_econtype_lowed
798,2,True,19047,Crawford County,IA,7565.321773126721,13107,Emanuel County,GA,8767.326403856277,,,,,7,Maufacturing,1,1202.004630729556,rucc_econtype_lowed
799,2,True,48419,Shelby County,TX,8985.658433903562,48341,Moore County,TX,9179.524017080665,,,,,7,Maufacturing,1,193.86558317710296,rucc_econtype_lowed
800,2,True,40139,Texas County,OK,9265.67836394906,19021,Buena Vista County,IA,9533.12228038907,,,,,7,Maufacturing,1,267.44391644001007,rucc_econtype_lowed
801,2,True,28057,Itawamba County,MS,10102.062293723226,28117,Prentiss County,MS,10278.043834462762,,,,,7,Maufacturing,1,175.98154073953629,rucc_econtype_lowed
802,2,True,5071,Johnson County,AR,10766.075553159812,31047,Dawson County,NE,11011.839714310474,,,,,7,Maufacturing,1,245.7641611506624,rucc_econtype_lowed
803,2,True,1093,Marion County,AL,12158.861607443541,48449,Titus County,TX,13355.819124415517,,,,,7,Maufacturing,1,1196.9575169719756,rucc_econtype_lowed
804,2,True,28115,Pontotoc County,MS,14272.21022512026,39075,Holmes County,OH,19047.755164542934,,,,,7,Maufacturing,1,4775.544939422674,rucc_econtype_lowed
805,2,True,21201,Robertson County,KY,871.6523026872892,53023,Garfield County,WA,1036.807185454294,,,,,8,Federal/State Government,0,165.1548827670049,rucc_econtype_lowed
806,2,True,17151,Pope County,IL,1491.5232030898333,32017,Lincoln County,NV,1864.3152047358453,,,,,8,Federal/State Government,0,372.79200164601207,rucc_econtype_lowed
807,2,True,17153,Pulaski County,IL,2056.0233116298914,31097,Johnson County,NE,2471.2704061046243,,,,,8,Federal/State Government,0,415.2470944747329,rucc_econtype_lowed
808,2,True,54093,Tucker County,WV,2833.133999593556,1119,Sumter County,AL,4370.88288321346,,,,,8,Federal/State Government,0,1537.7488836199045,rucc_econtype_lowed
809,2,True,54063,Monroe County,WV,4502.315206728876,17087,Johnson County,IL,5267.89309361577,,,,,8,Federal/State Government,0,765.5778868868947,rucc_econtype_lowed
810,2,True,6105,Trinity County,CA,6455.670504980386,47161,Stewart County,TN,6481.049776576459,,,,,8,Federal/State Government,0,25.379271596073522,rucc_econtype_lowed
811,2,True,6003,Alpine County,CA,472.550401722081,49033,Rich County,UT,1250.9904065728188,,,,,8,Recreation,0,778.4400048507378,rucc_econtype_lowed
812,2,True,6091,Sierra County,CA,1332.5335051361471,30039,Granite County,MT,1499.0588991161203,,,,,8,Recreation,0,166.52539397997316,rucc_econtype_lowed
813,2,True,8027,Custer County,CO,1855.6251992633333,51017,Bath County,VA,1892.7197910083341,,,,,8,Recreation,0,37.0945917450008,rucc_econtype_lowed
814,2,True,36041,Hamilton County,NY,2211.2663978524506,30061,Mineral County,MT,2246.801705829799,,,,,8,Recreation,0,35.535307977348566,rucc_econtype_lowed
815,2,True,42113,Sullivan County,PA,2507.9706041536483,29085,Hickory County,MO,3310.6777106672525,,,,,8,Recreation,0,802.7071065136042,rucc_econtype_lowed
816,2,True,5097,Montgomery County,AR,3420.3306982652866,51119,Middlesex County,VA,4306.203292686492,,,,,8,Recreation,0,885.8725944212056,rucc_econtype_lowed
817,2,True,18155,Switzerland County,IN,4635.096804857254,16085,Valley County,ID,4859.16903758049,,,,,8,Recreation,0,224.07223272323608,rucc_econtype_lowed
818,2,True,48031,Blanco County,TX,4980.451901798289,26011,Arenac County,MI,5465.100402802229,,,,,8,Recreation,0,484.6485010039396,rucc_econtype_lowed
819,2,True,37173,Swain County,NC,5845.1820193603635,6043,Mariposa County,CA,6693.83638750494,,,,,8,Recreation,0,848.6543681445764,rucc_econtype_lowed
820,2,True,27001,Aitkin County,MN,6811.0651520834945,55007,Bayfield County,WI,7190.102784305811,,,,,8,Recreation,0,379.03763222231646,rucc_econtype_lowed
821,2,True,55013,Burnett County,WI,7327.287563234568,37011,Avery County,NC,7859.598104298115,,,,,8,Recreation,0,532.3105410635471,rucc_econtype_lowed
822,2,True,54065,Morgan County,WV,7949.005005598068,37199,Yancey County,NC,8157.533818955351,,,,,8,Recreation,0,208.52881335728307,rucc_econtype_lowed
823,2,True,29141,Morgan County,MO,9354.69099073112,55001,Adams County,WI,9945.30000679195,,,,,8,Recreation,0,590.6090160608292,rucc_econtype_lowed
824,2,True,13111,Fannin County,GA,11059.349261522293,50015,Lamoille County,VT,12606.777907550335,,,,,8,Recreation,0,1547.4286460280418,rucc_econtype_lowed
825,3,True,23015,Lincoln County,ME,15580.335849493742,51109,Louisa County,VA,17960.934181301505,2068,Denali Borough,AK,,8,Recreation,0,2380.5983318077633,rucc_econtype_lowed
826,2,True,31091,Hooker County,NE,326.9769992334768,8111,San Juan County,CO,345.30270251911134,,,,,9,Recreation,0,18.325703285634518,rucc_econtype_lowed
827,2,True,8079,Mineral County,CO,358.4691998362541,8053,Hinsdale County,CO,384.92760256817564,,,,,9,Recreation,0,26.458402731921524,rucc_econtype_lowed
828,2,True,2164,Lake and Peninsula Borough,AK,703.0245964340866,30075,Powder River County,MT,776.9880027947947,,,,,9,Recreation,0,73.96340636070818,rucc_econtype_lowed
829,2,True,30059,Meagher County,MT,851.2858002996072,26083,Keweenaw County,MI,893.7971035391092,,,,,9,Recreation,0,42.51130323950201,rucc_econtype_lowed
830,2,True,2100,Haines Borough,AK,1048.1437012851238,48385,Real County,TX,1100.8772064745426,,,,,9,Recreation,0,52.73350518941879,rucc_econtype_lowed
831,2,True,27077,Lake of the Woods County,MN,1709.4772001915044,8091,Ouray County,CO,2051.2287027426064,,,,,9,Recreation,0,341.751502551102,rucc_econtype_lowed
832,2,True,55037,Florence County,WI,2059.1712101362646,49017,Garfield County,UT,2260.1800905019045,,,,,9,Recreation,0,201.00888036563993,rucc_econtype_lowed
833,2,True,47137,Pickett County,TN,2274.608511969447,27031,Cook County,MN,2456.162979863584,,,,,9,Recreation,0,181.5544678941369,rucc_econtype_lowed
834,2,True,26131,Ontonagon County,MI,2552.1460171043873,16007,Bear Lake County,ID,2843.0290062464774,,,,,9,Recreation,0,290.8829891420901,rucc_econtype_lowed
835,2,True,54075,Pocahontas County,WV,2862.8280001096427,41063,Wallowa County,OR,3104.0358940139413,,,,,9,Recreation,0,241.20789390429854,rucc_econtype_lowed
836,2,True,29153,Ozark County,MO,3244.0101898163557,37075,Graham County,NC,3322.778400696814,,,,,9,Recreation,0,78.76821088045835,rucc_econtype_lowed
837,2,True,8113,San Miguel County,CO,3399.22779391706,26119,Montmorency County,MI,3662.7056200802326,,,,,9,Recreation,0,263.4778261631727,rucc_econtype_lowed
838,2,True,30057,Madison County,MT,3898.0256268239464,55041,Forest County,WI,3898.245596954832,,,,,9,Recreation,0,0.21997013088548556,rucc_econtype_lowed
839,2,True,26001,Alcona County,MI,4070.8576920706546,51103,Lancaster County,VA,4424.047304674983,,,,,9,Recreation,0,353.18961260432843,rucc_econtype_lowed
840,2,True,37043,Clay County,NC,4560.360295712948,51133,Northumberland County,VA,4798.375295460224,,,,,9,Recreation,0,238.0149997472763,rucc_econtype_lowed
841,2,True,26085,Lake County,MI,5042.272414536477,13281,Towns County,GA,5267.922506518662,,,,,9,Recreation,0,225.65009198218468,rucc_econtype_lowed
842,2,True,16081,Teton County,ID,5658.2323096990585,42105,Potter County,PA,7118.253590069711,,,,,9,Recreation,0,1460.0212803706527,rucc_econtype_lowed
843,2,True,26129,Ogemaw County,MI,7563.5094720721245,53055,San Juan County,WA,7847.6123336702585,,,,,9,Recreation,0,284.10286159813404,rucc_econtype_lowed
844,2,True,26019,Benzie County,MI,8176.257187232375,55125,Vilas County,WI,9782.06287881732,,,,,9,Recreation,0,1605.8056915849447,rucc_econtype_lowed
845,2,True,26089,Leelanau County,MI,10147.662199661136,13291,Union County,GA,10381.316227957606,,,,,9,Recreation,0,233.65402829647064,rucc_econtype_lowed
846,2,True,26009,Antrim County,MI,10429.242399215698,37039,Cherokee County,NC,11827.179513683543,,,,,9,Recreation,0,1397.9371144678444,rucc_econtype_lowed
847,2,True,27021,Cass County,MN,13052.63013438182,50017,Orange County,VT,13888.194900320843,,,,,9,Recreation,0,835.5647659390233,rucc_econtype_lowed
848,2,True,2198,Price of Wales Hyder Census Area,AK,,2230,Skagway Municipality,AK,,,,,,9,Recreation,0,,rucc_econtype_lowed
849,2,True,2261,Valdez-Cordova Census Area,AK,,2275,Wrangell City and Borough,AK,,,,,,9,Recreation,0,,rucc_econtype_lowed
850,2,True,48301,Loving County,TX,24.84090006048791,31009,Blaine County,NE,203.82489987445297,,,,,9,Federal/State Government,0,178.98399981396506,rucc_econtype_lowed
851,2,True,2282,Yakutat City and Borough,AK,316.62940167449415,49009,Daggett County,UT,404.4416015618481,,,,,9,Federal/State Government,0,87.81219988735393,rucc_econtype_lowed
852,2,True,30079,Prairie County,MT,500.75640106434,48243,Jeff Davis County,TX,833.1842975653708,,,,,9,Federal/State Government,0,332.4278965010308,rucc_econtype_lowed
853,2,True,38013,Burke County,ND,1084.6363020204008,49055,Wayne County,UT,1106.5299011953175,,,,,9,Federal/State Government,0,21.893599174916744,rucc_econtype_lowed
854,2,True,35023,Hidalgo County,NM,1531.1035052835941,35033,Mora County,NM,1641.1817841269076,,,,,9,Federal/State Government,0,110.07827884331346,rucc_econtype_lowed
855,2,True,16003,Adams County,ID,1810.1710039481404,46041,Dewey County,SD,1983.0980865210295,,,,,9,Federal/State Government,0,172.92708257288905,rucc_econtype_lowed
856,2,True,47175,Van Buren County,TN,2399.5135087892413,53019,Ferry County,WA,2664.13600654155,,,,,9,Federal/State Government,0,264.62249775230885,rucc_econtype_lowed
857,2,True,12067,Lafayette County,FL,2819.050991281867,50009,Essex County,VT,2867.2163094207644,,,,,9,Federal/State Government,0,48.16531813889742,rucc_econtype_lowed
858,2,True,42053,Forest County,PA,3031.914501659572,41023,Grant County,OR,3206.725189372897,,,,,9,Federal/State Government,0,174.81068771332502,rucc_econtype_lowed
859,2,True,26135,Oscoda County,MI,3290.046559918672,46121,Todd County,SD,3526.060497060418,,,,,9,Federal/State Government,0,236.01393714174628,rucc_econtype_lowed
860,2,True,26013,Baraga County,MI,3575.188414156437,21143,Lyon County,KY,3601.6714978523814,,,,,9,Federal/State Government,0,26.483083695944515,rucc_econtype_lowed
861,3,True,5065,Izard County,AR,5041.660405047238,38079,Rolette County,ND,5563.466818511486,2105,"Hoonah-Angoon Census Area, AK",AK,,9,Federal/State Government,0,521.8064134642482,rucc_econtype_lowed
862,2,True,17109,McDonough County,IL,12426.866551548243,2110,Juneau City and Borough,AK,16301.787938900743,,,,,5,Federal/State Government,0,3874.9213873525005,rucc_econtype_lowed
863,2,True,26061,Houghton County,MI,16379.712910413742,18083,Knox County,IN,16678.729603942687,,,,,5,Federal/State Government,0,299.0166935289453,rucc_econtype_lowed
864,2,True,40121,Pittsburg County,OK,17010.53749114275,13175,Laurens County,GA,19089.449486792088,,,,,5,Federal/State Government,0,2078.9119956493378,rucc_econtype_lowed
865,2,True,29161,Phelps County,MO,19165.61293014884,22115,Vernon Parish,LA,21010.841547920485,,,,,5,Federal/State Government,0,1845.228617771645,rucc_econtype_lowed
866,2,True,17029,Coles County,IL,22678.70011368394,37189,Watauga County,NC,23873.97733853082,,,,,5,Federal/State Government,0,1195.2772248468827,rucc_econtype_lowed
867,2,True,29169,Pulaski County,MO,24980.371262162924,54033,Harrison County,WV,27951.090965002775,,,,,5,Federal/State Government,0,2970.7197028398514,rucc_econtype_lowed
868,2,True,30049,Lewis and Clark County,MT,32611.947646654495,36019,Clinton County,NY,34528.079906731844,,,,,5,Federal/State Government,0,1916.1322600773492,rucc_econtype_lowed
869,2,True,30031,Gallatin County,MT,65430.95978685965,15001,Hawaii County,HI,85570.0,,,,,5,Federal/State Government,0,20139.040213140353,rucc_econtype_lowed
870,2,True,48267,Kimble County,TX,1703.8294123709202,35019,Guadalupe County,NM,1897.1256015058607,,,,,7,Recreation,0,193.2961891349405,rucc_econtype_lowed
871,2,True,49001,Beaver County,UT,3149.741704657674,26153,Schoolcraft County,MI,3234.9867886193097,,,,,7,Recreation,0,85.24508396163583,rucc_econtype_lowed
872,2,True,31101,Keith County,NE,3803.316410642059,56019,Johnson County,WY,3892.174816355109,,,,,7,Recreation,0,88.85840571305016,rucc_econtype_lowed
873,2,True,49019,Grand County,UT,4197.50019248575,26097,Mackinac County,MI,4356.66781103611,,,,,7,Recreation,0,159.1676185503602,rucc_econtype_lowed
874,2,True,26071,Iron County,MI,5099.901152253151,48455,Trinity County,TX,5143.871285140514,,,,,7,Recreation,0,43.970132887363434,rucc_econtype_lowed
875,2,True,6051,Mono County,CA,5153.049610808492,26141,Presque Isle County,MI,5194.875230923295,,,,,7,Recreation,0,41.825620114803314,rucc_econtype_lowed
876,2,True,17127,Massac County,IL,5609.700476527214,25019,Nantucket County,MA,6186.281568177044,,,,,7,Recreation,0,576.5810916498303,rucc_econtype_lowed
877,2,True,26053,Gogebic County,MI,6307.59599519521,8007,Archuleta County,CO,6543.769180499017,,,,,7,Recreation,0,236.17318530380726,rucc_econtype_lowed
878,2,True,6063,Plumas County,CA,6865.861909732223,41001,Baker County,OR,7000.997930586338,,,,,7,Recreation,0,135.1360208541155,rucc_econtype_lowed
879,2,True,55003,Ashland County,WI,7101.336008548737,13241,Rabun County,GA,7114.484917143185,,,,,7,Recreation,0,13.148908594448585,rucc_econtype_lowed
880,2,True,55129,Washburn County,WI,7367.636145398021,6027,Inyo County,CA,7433.292838439345,,,,,7,Recreation,0,65.65669304132462,rucc_econtype_lowed
881,2,True,8015,Chaffee County,CO,7670.377787172794,29015,Benton County,MO,7757.856746286154,,,,,7,Recreation,0,87.47895911335945,rucc_econtype_lowed
882,2,True,55113,Sawyer County,WI,8013.212046176195,35027,Lincoln County,NM,8199.187465921044,,,,,7,Recreation,0,185.9754197448492,rucc_econtype_lowed
883,2,True,26143,Roscommon County,MI,8543.561282038689,19059,Dickinson County,IA,8577.842451810837,,,,,7,Recreation,0,34.28116977214813,rucc_econtype_lowed
884,2,True,8049,Grand County,CO,8781.563689783216,48299,Llano County,TX,8930.804086253047,,,,,7,Recreation,0,149.24039646983147,rucc_econtype_lowed
885,2,True,25007,Dukes County,MA,8940.271018311381,41015,Curry County,OR,8953.074350595474,,,,,7,Recreation,0,12.803332284092903,rucc_econtype_lowed
886,2,True,30067,Park County,MT,8969.433997698128,26069,Iosco County,MI,9192.07958611846,,,,,7,Recreation,0,222.64558842033148,rucc_econtype_lowed
887,2,True,53049,Pacific County,WA,9342.934017360414,27057,Hubbard County,MN,9659.973629504442,,,,,7,Recreation,0,317.03961214402807,rucc_econtype_lowed
888,2,True,8097,Pitkin County,CO,9698.211397692561,26137,Otsego County,MI,10043.709887936711,,,,,7,Recreation,0,345.49849024415016,rucc_econtype_lowed
889,2,True,26031,Cheboygan County,MI,10240.686768129468,16013,Blaine County,ID,11359.157723456621,,,,,7,Recreation,0,1118.4709553271532,rucc_econtype_lowed
890,2,True,26101,Manistee County,MI,11387.05319617151,56039,Teton County,WY,11456.34269785881,,,,,7,Recreation,0,69.2895016873008,rucc_econtype_lowed
891,2,True,48171,Gillespie County,TX,11679.108422932753,37009,Ashe County,NC,11720.120746202767,,,,,7,Recreation,0,41.01232327001344,rucc_econtype_lowed
892,2,True,26105,Mason County,MI,12108.529452592134,8107,Routt County,CO,12809.5147190094,,,,,7,Recreation,0,700.9852664172649,rucc_econtype_lowed
893,2,True,50019,Orleans County,VT,13295.60899595148,35055,Taos County,NM,13507.551749429265,,,,,7,Recreation,0,211.94275347778603,rucc_econtype_lowed
894,2,True,33007,Coos County,NH,14205.9870377779,56029,Park County,WY,14544.868843197823,,,,,7,Recreation,0,338.8818054199219,rucc_econtype_lowed
895,2,True,26047,Emmet County,MI,15180.24651029706,37113,Macon County,NC,15216.809799905932,,,,,7,Recreation,0,36.563289608871855,rucc_econtype_lowed
896,2,True,55085,Oneida County,WI,16067.392948992325,23013,Knox County,ME,17961.6096124053,,,,,7,Recreation,0,1894.2166634129753,rucc_econtype_lowed
897,2,True,29029,Camden County,MO,19029.803684447368,36003,Allegany County,NY,19537.699186742306,,,,,7,Recreation,0,507.8955022949376,rucc_econtype_lowed
898,2,True,27007,Beltrami County,MN,20929.01575283782,50025,Windham County,VT,21263.26977093611,,,,,7,Recreation,0,334.25401809829054,rucc_econtype_lowed
899,3,True,2122,Kenai Peninsula Borough,AK,26113.810326874256,50027,Windsor County,VT,26750.422254610807,36077,Otsego County,NY,27279.790564945026,7,Recreation,0,1165.9802380707697,rucc_econtype_lowed
900,2,True,26095,Luce County,MI,2149.01501108706,40055,Greer County,OK,2342.5696003064513,,,,,7,Federal/State Government,0,193.55458921939135,rucc_econtype_lowed
901,2,True,20145,Pawnee County,KS,2754.9667843729258,48075,Childress County,TX,2866.720214255154,,,,,7,Federal/State Government,0,111.75342988222837,rucc_econtype_lowed
902,2,True,41025,Harney County,OR,2874.844289571047,41037,Lake County,OR,3130.021898292005,,,,,7,Federal/State Government,0,255.17760872095823,rucc_econtype_lowed
903,2,True,16059,Lemhi County,ID,3298.759796410799,26003,Alger County,MI,3554.718291580677,,,,,7,Federal/State Government,0,255.958495169878,rucc_econtype_lowed
904,2,True,31045,Dawes County,NE,3677.3855973407626,48043,Brewster County,TX,3988.882909476757,,,,,7,Federal/State Government,0,311.49731213599443,rucc_econtype_lowed
905,2,True,30001,Beaverhead County,MT,4232.792301222682,30023,Deer Lodge County,MT,4254.634495995939,,,,,7,Federal/State Government,0,21.84219477325678,rucc_econtype_lowed
906,2,True,18101,Martin County,IN,4389.157392997295,26039,Crawford County,MI,5199.353507017731,,,,,7,Federal/State Government,0,810.1961140204367,rucc_econtype_lowed
907,2,True,35007,Colfax County,NM,5276.772109411657,38071,Ramsey County,ND,5398.647988811135,,,,,7,Federal/State Government,0,121.87587939947844,rucc_econtype_lowed
908,2,True,39121,Noble County,OH,5796.200577199459,30035,Glacier County,MT,6163.445395379611,,,,,7,Federal/State Government,0,367.2448181801519,rucc_econtype_lowed
909,2,True,46065,Hughes County,SD,6721.486223012209,8003,Alamosa County,CO,6793.767045989633,,,,,7,Federal/State Government,0,72.28082297742367,rucc_econtype_lowed
910,2,True,2130,Ketchikan Gateway Borough,AK,7048.147390425205,13303,Washington County,GA,7740.8861718177795,,,,,7,Federal/State Government,0,692.7387813925743,rucc_econtype_lowed
911,2,True,5019,Clark County,AR,8640.902330409444,28101,Newton County,MS,8676.778711542487,,,,,7,Federal/State Government,0,35.87638113304274,rucc_econtype_lowed
912,2,True,30053,Lincoln County,MT,8798.62237085402,5103,Ouachita County,AR,8877.958600024576,,,,,7,Federal/State Government,0,79.33622917055618,rucc_econtype_lowed
913,2,True,8075,Logan County,CO,9315.889928936958,21205,Rowan County,KY,9729.193772152066,,,,,7,Federal/State Government,0,413.3038432151079,rucc_econtype_lowed
914,2,True,40065,Jackson County,OK,10577.796902418137,29001,Adair County,MO,10736.235887274146,,,,,7,Federal/State Government,0,158.43898485600948,rucc_econtype_lowed
915,2,True,41061,Union County,OR,11003.298385351896,47183,Weakley County,TN,13419.73811018467,,,,,7,Federal/State Government,0,2416.439724832773,rucc_econtype_lowed
916,2,True,4009,Graham County,AZ,14247.359710812569,26033,Chippewa County,MI,14793.47557529807,,,,,7,Federal/State Government,0,546.1158644855022,rucc_econtype_lowed
917,2,True,21035,Calloway County,KY,15813.641944438219,36033,Franklin County,NY,20562.573730528355,,,,,7,Federal/State Government,0,4748.931786090136,rucc_econtype_lowed
918,2,True,51045,Craig County,VA,2159.9441037210054,13181,Lincoln County,GA,2978.320502720773,,,,,2,Recreation,0,818.3763989997678,rucc_econtype_lowed
919,2,True,21221,Trigg County,KY,5836.12539306283,48007,Aransas County,TX,9377.391819626093,,,,,2,Recreation,0,3541.266426563263,rucc_econtype_lowed
920,2,True,8119,Teller County,CO,12536.575808256865,36095,Schoharie County,NY,13852.299844741821,,,,,2,Recreation,0,1315.7240364849567,rucc_econtype_lowed
921,2,True,13145,Harris County,GA,14071.618420410901,55083,Oconto County,WI,17593.18410885334,,,,,2,Recreation,0,3521.565688442439,rucc_econtype_lowed
922,2,True,55031,Douglas County,WI,19633.5801384151,22099,St. Martin Parish,LA,21489.159668667497,,,,,2,Recreation,0,1855.5795302523984,rucc_econtype_lowed
923,2,True,24047,Worcester County,MD,24243.46327161789,37087,Haywood County,NC,25737.901906816987,,,,,2,Recreation,0,1494.438635199098,rucc_econtype_lowed
924,2,True,36043,Herkimer County,NY,27157.13009656925,37141,Pender County,NC,29343.20698324177,,,,,2,Recreation,0,2186.0768866725193,rucc_econtype_lowed
925,2,True,42025,Carbon County,PA,31584.139336357563,2170,Matanuska-Susitna Borough,AK,47556.81142668402,,,,,2,Recreation,0,15972.672090326458,rucc_econtype_lowed
926,2,True,37019,Brunswick County,NC,52640.50924897194,12085,Martin County,FL,62160.9274020865,,,,,2,Recreation,0,9520.418153114559,rucc_econtype_lowed
927,2,True,27137,St. Louis County,MN,95942.2256238861,10005,Sussex County,DE,97151.0,,,,,2,Recreation,0,1208.774376113899,rucc_econtype_lowed
928,2,True,37129,New Hanover County,NC,112362.34929673327,36091,Saratoga County,NY,121929.23110873625,,,,,2,Recreation,0,9566.881812002975,rucc_econtype_lowed
929,2,True,6079,San Luis Obispo County,CA,129161.96054178313,34001,Atlantic County,NJ,130891.40665175999,,,,,2,Recreation,0,1729.4461099768523,rucc_econtype_lowed
930,2,True,6087,Santa Cruz County,CA,131234.30118443794,12021,Collier County,FL,146739.86339910037,,,,,2,Recreation,0,15505.562214662437,rucc_econtype_lowed
931,2,True,45051,Horry County,SC,151027.9406975545,23005,Cumberland County,ME,162544.9483693093,,,,,2,Recreation,0,11517.007671754807,rucc_econtype_lowed
932,2,True,12115,Sarasota County,FL,165252.60718107084,12081,Manatee County,FL,168332.88957075728,,,,,2,Recreation,0,3080.282389686443,rucc_econtype_lowed
933,2,True,8069,Larimer County,CO,190069.8917177379,6097,Sonoma County,CA,238458.01722245902,,,,,2,Recreation,0,48388.12550472113,rucc_econtype_lowed
934,2,True,32031,Washoe County,NV,245282.0,12071,Lee County,FL,318138.5507152057,,,,,2,Recreation,0,72856.55071520573,rucc_econtype_lowed
935,2,True,48211,Hemphill County,TX,1452.1706117130816,30101,Toole County,MT,2207.8469980806112,,,,,7,Mining,0,755.6763863675296,rucc_econtype_lowed
936,2,True,32015,Lander County,NV,2375.498409420252,56045,Weston County,WY,3153.6834139823914,,,,,7,Mining,0,778.1850045621395,rucc_econtype_lowed
937,2,True,17169,Schuyler County,IL,3157.3165061473846,20167,Russell County,KS,3212.2503190152347,,,,,7,Mining,0,54.933812867850065,rucc_econtype_lowed
938,2,True,4011,Greenlee County,AZ,3534.364192381501,40077,Latimer County,OK,3645.6727907955647,,,,,7,Mining,0,111.30859841406345,rucc_econtype_lowed
939,2,True,2188,Northwest Arctic Borough,AK,3702.953993692994,48429,Stephens County,TX,3704.180981513113,,,,,7,Mining,0,1.2269878201186657,rucc_econtype_lowed
940,2,True,40151,Woods County,OK,3735.5599949508905,32033,White Pine County,NV,3766.217388987541,,,,,7,Mining,0,30.657394036650658,rucc_econtype_lowed
941,2,True,29093,Iron County,MO,3782.459104657173,20151,Pratt County,KS,4037.01840621233,,,,,7,Mining,0,254.5593015551567,rucc_econtype_lowed
942,2,True,38057,Mercer County,ND,4108.3510952964425,49015,Emery County,UT,4267.534900012033,,,,,7,Mining,0,159.18380471559067,rucc_econtype_lowed
943,2,True,17185,Wabash County,IL,4500.464122116566,40149,Washita County,OK,4661.126194164157,,,,,7,Mining,0,160.6620720475912,rucc_econtype_lowed
944,2,True,2185,North Slope Borough,AK,5238.894738838077,30083,Richland County,MT,5276.242744803429,,,,,7,Mining,0,37.34800596535206,rucc_econtype_lowed
945,2,True,49037,San Juan County,UT,6303.800277332382,8081,Moffat County,CO,6859.0818021297455,,,,,7,Mining,0,555.2815247973631,rucc_econtype_lowed
946,2,True,54041,Lewis County,WV,6944.51711199955,32013,Humboldt County,NV,7171.599595531821,,,,,7,Mining,0,227.082483532271,rucc_econtype_lowed
947,2,True,48161,Freestone County,TX,7700.670325770974,26079,Kalkaska County,MI,7982.635555506196,,,,,7,Mining,0,281.96522973522224,rucc_econtype_lowed
948,2,True,48503,Young County,TX,8093.997806563973,8051,Gunnison County,CO,8287.264830589294,,,,,7,Mining,0,193.267024025321,rucc_econtype_lowed
949,2,True,49013,Duchesne County,UT,8517.803992891997,49007,Carbon County,UT,8867.536797314882,,,,,7,Mining,0,349.73280442288524,rucc_econtype_lowed
950,2,True,40153,Woodward County,OK,8867.610250085592,56041,Uinta County,WY,9413.730991899967,,,,,7,Mining,0,546.1207418143749,rucc_econtype_lowed
951,2,True,40009,Beckham County,OK,9563.025011390448,56023,Lincoln County,WY,9615.648957312107,,,,,7,Mining,0,52.62394592165947,rucc_econtype_lowed
952,2,True,40133,Seminole County,OK,9674.121366615414,54097,Upshur County,WV,9712.114877358079,,,,,7,Mining,0,37.99351074266451,rucc_econtype_lowed
953,2,True,35017,Grant County,NM,10324.481720119715,20009,Barton County,KS,11238.055927336216,,,,,7,Mining,0,913.5742072165012,rucc_econtype_lowed
954,2,True,40039,Custer County,OK,12165.863730419995,5139,Union County,AR,15313.184709191322,,,,,7,Mining,0,3147.3209787713276,rucc_econtype_lowed
955,2,True,49047,Uintah County,UT,15472.728417426348,38089,Stark County,ND,16393.964219883084,,,,,7,Mining,0,921.2358024567366,rucc_econtype_lowed
956,2,True,42083,McKean County,PA,17548.900991079397,38105,Williams County,ND,19948.64924249053,,,,,7,Mining,0,2399.7482514111325,rucc_econtype_lowed
957,2,True,48393,Roberts County,TX,353.6373993018642,16025,Camas County,ID,502.2180988099426,,,,,9,Nonspecialized,0,148.5806995080784,rucc_econtype_lowed
958,2,True,41021,Gilliam County,OR,885.0112037640065,30107,Wheatland County,MT,917.5548009229824,,,,,9,Nonspecialized,0,32.5435971589759,rucc_econtype_lowed
959,2,True,13125,Glascock County,GA,1115.5184991806746,46117,Stanley County,SD,1128.00810017623,,,,,9,Nonspecialized,0,12.48960099555552,rucc_econtype_lowed
960,2,True,56027,Niobrara County,WY,1137.9270040821284,48197,Hardeman County,TX,1608.1358953528106,,,,,9,Nonspecialized,0,470.2088912706822,rucc_econtype_lowed
961,2,True,29035,Carter County,MO,2062.881909430027,20163,Rooks County,KS,2361.49380043149,,,,,9,Nonspecialized,0,298.61189100146294,rucc_econtype_lowed
962,2,True,2290,Yukon-Koyukuk Census Area,AK,2539.287230720365,29203,Shannon County,MO,2739.7131088748574,,,,,9,Nonspecialized,0,200.42587815449224,rucc_econtype_lowed
963,2,True,21075,Fulton County,KY,2776.8252001851797,5129,Searcy County,AR,3033.328693984484,,,,,9,Nonspecialized,0,256.5034937993041,rucc_econtype_lowed
964,2,True,30007,Broadwater County,MT,3086.908300444309,13209,Montgomery County,GA,3169.567216157913,,,,,9,Nonspecialized,0,82.65891571360407,rucc_econtype_lowed
965,2,True,29149,Oregon County,MO,3275.8652962744236,19053,Decatur County,IA,3419.4514954462647,,,,,9,Nonspecialized,0,143.58619917184114,rucc_econtype_lowed
966,2,True,28019,Choctaw County,MS,3505.8239989429712,5109,Pike County,AR,4054.5782855493017,,,,,9,Nonspecialized,0,548.7542866063304,rucc_econtype_lowed
967,2,True,40127,Pushmataha County,OK,4171.443910054899,40069,Johnston County,OK,4190.865501095308,,,,,9,Nonspecialized,0,19.421591040409112,rucc_econtype_lowed
968,2,True,40085,Love County,OK,4239.949238717556,47039,Decatur County,TN,4453.387584485114,,,,,9,Nonspecialized,0,213.43834576755762,rucc_econtype_lowed
969,2,True,5049,Fulton County,AR,4474.341407045489,5137,Stone County,AR,4580.983788584475,,,,,9,Nonspecialized,0,106.64238153898623,rucc_econtype_lowed
970,2,True,17035,Cumberland County,IL,5059.278596935721,30043,Jefferson County,MT,5499.191601201892,,,,,9,Nonspecialized,0,439.9130042661709,rucc_econtype_lowed
971,2,True,28023,Clarke County,MS,6364.3763263225555,26113,Missaukee County,MI,6699.131801024676,,,,,9,Nonspecialized,0,334.7554747021204,rucc_econtype_lowed
972,2,True,47049,Fentress County,TN,6888.546717375517,29215,Texas County,MO,9291.550196856442,,,,,9,Nonspecialized,0,2403.0034794809253,rucc_econtype_lowed
973,2,True,2195,Petersburg Census area,AK,,2270,Wade Hampton Census Area,AK,,,,,,9,Nonspecialized,0,,rucc_econtype_lowed
974,2,True,32009,Esmeralda County,NV,300.69600077997893,48433,Stonewall County,TX,508.2660018950701,,,,,9,Mining,0,207.57000111509115,rucc_econtype_lowed
975,2,True,32011,Eureka County,NV,766.7747991960496,20065,Graham County,KS,1160.1225032508373,,,,,9,Mining,0,393.34770405478776,rucc_econtype_lowed
976,2,True,20017,Chase County,KS,1179.0030039753765,20135,Ness County,KS,1289.0250029768795,,,,,9,Mining,0,110.02199900150299,rucc_econtype_lowed
977,2,True,48295,Lipscomb County,TX,1316.7349971570075,48275,Knox County,TX,1363.0770007316023,,,,,9,Mining,0,46.342003574594855,rucc_econtype_lowed
978,2,True,30025,Fallon County,MT,1398.3192034512758,20207,Woodson County,KS,1431.4271984137595,,,,,9,Mining,0,33.107994962483644,rucc_econtype_lowed
979,2,True,17069,Hardin County,IL,1444.91310018301,40129,Roger Mills County,OK,1447.299295835197,,,,,9,Mining,0,2.3861956521868706,rucc_econtype_lowed
980,2,True,38011,Bowman County,ND,1461.9020012421533,48319,Mason County,TX,1568.6698994897306,,,,,9,Mining,0,106.76789824757725,rucc_econtype_lowed
981,2,True,40045,Ellis County,OK,1622.7567982524633,20007,Barber County,KS,1861.7552165091038,,,,,9,Mining,0,238.99841825664043,rucc_econtype_lowed
982,2,True,30097,Sweet Grass County,MT,1918.572307664901,40043,Dewey County,OK,1944.088793195784,,,,,9,Mining,0,25.516485530883074,rucc_econtype_lowed
983,2,True,38025,Dunn County,ND,1994.1351012978703,48483,Wheeler County,TX,2144.3969911821187,,,,,9,Mining,0,150.26188988424838,rucc_econtype_lowed
984,2,True,29179,Reynolds County,MO,2418.2870979756117,54017,Doddridge County,WV,3298.1765038371086,,,,,9,Mining,0,879.8894058614969,rucc_econtype_lowed
985,2,True,56011,Crook County,WY,3311.5998074114323,8103,Rio Blanco County,CO,3369.2587150782347,,,,,9,Mining,0,57.658907666802406,rucc_econtype_lowed
986,2,True,40093,Major County,OK,3370.2096024751663,2240,Southeast Fairbanks Census Area,AK,3441.5427123606205,,,,,9,Mining,0,71.33310988545418,rucc_econtype_lowed
987,2,True,21139,Livingston County,KY,3573.135811790824,30087,Rosebud County,MT,3827.512809883803,,,,,9,Mining,0,254.3769980929792,rucc_econtype_lowed
988,2,True,56035,Sublette County,WY,4017.0205110907555,38061,Mountrail County,ND,4831.112726718187,,,,,9,Mining,0,814.0922156274319,rucc_econtype_lowed
989,2,True,56003,Big Horn County,WY,5657.592566907406,38053,McKenzie County,ND,7162.788855776191,,,,,9,Mining,0,1505.196288868785,rucc_econtype_lowed
990,2,True,37055,Dare County,NC,15370.039822503924,41007,Clatsop County,OR,17109.66995202005,,,,,4,Recreation,0,1739.6301295161247,rucc_econtype_lowed
991,2,True,39123,Ottawa County,OH,19368.595322281122,4007,Gila County,AZ,19694.25203196054,,,,,4,Recreation,0,325.65670967941696,rucc_econtype_lowed
992,2,True,49043,Summit County,UT,21120.569647207078,32005,Douglas County,NV,21163.252867013216,,,,,4,Recreation,0,42.68321980613837,rucc_econtype_lowed
993,2,True,6109,Tuolumne County,CA,21737.318390607834,48265,Kerr County,TX,22990.8258446455,,,,,4,Recreation,0,1253.5074540376663,rucc_econtype_lowed
994,2,True,29213,Taney County,MO,23071.910427084484,45043,Georgetown County,SC,24068.962142698467,,,,,4,Recreation,0,997.0517156139831,rucc_econtype_lowed
995,2,True,53045,Mason County,WA,25646.754980289275,8067,La Plata County,CO,27250.610012054443,,,,,4,Recreation,0,1603.855031765168,rucc_econtype_lowed
996,2,True,50021,Rutland County,VT,27961.060727648903,37031,Carteret County,NC,28638.93267112349,,,,,4,Recreation,0,677.8719434745872,rucc_econtype_lowed
997,2,True,27035,Crow Wing County,MN,30014.66130881291,33001,Belknap County,NH,30037.067415463855,,,,,4,Recreation,0,22.40610665094573,rucc_econtype_lowed
998,2,True,42111,Somerset County,PA,32231.69402808044,4017,Navajo County,AZ,33322.27869987488,,,,,4,Recreation,0,1090.5846717944369,rucc_econtype_lowed
999,2,True,55111,Sauk County,WI,33452.697245112504,36105,Sullivan County,NY,33737.089775800705,,,,,4,Recreation,0,284.3925306882011,rucc_econtype_lowed
1000,2,True,39043,Erie County,OH,34995.06619399786,6045,Mendocino County,CA,36093.626392129954,,,,,4,Recreation,0,1098.5601981320942,rucc_econtype_lowed
1001,2,True,12087,Monroe County,FL,37740.9117718339,53029,Island County,WA,38317.247982919216,,,,,4,Recreation,0,576.3362110853195,rucc_econtype_lowed
1002,3,True,6057,Nevada County,CA,42089.0054379949,37125,Moore County,NC,42736.97315580977,47155,Sevier County,TN,45013.22893212928,4,Recreation,0,2924.2234941343777,rucc_econtype_lowed
1003,2,True,4012,La Paz County,AZ,5478.741003841162,13133,Greene County,GA,8442.8974185884,,,,,6,Recreation,1,2964.156414747238,rucc_econtype_lowed
1004,2,True,51139,Page County,VA,11123.550272794811,13123,Gilmer County,GA,13695.55486357212,,,,,6,Recreation,1,2572.004590777309,rucc_econtype_lowed
1005,2,True,48273,Kleberg County,TX,12692.425736248493,4023,Santa Cruz County,AZ,18157.324801683426,,,,,4,Federal/State Government,1,5464.899065434933,rucc_econtype_lowed
1006,2,True,47139,Polk County,TN,7882.216150581837,4027,Yuma County,AZ,81000.17970228195,,,,,3,Recreation,1,73117.96355170012,rucc_econtype_lowed
1007,2,True,51580,Covington city,VA,2530.5183046534657,16029,Caribou County,ID,3133.134003188461,,,,,6,Maufacturing,0,602.6156985349953,rucc_econtype_lowed
1008,2,True,13099,Early County,GA,4027.8888116925955,19039,Clarke County,IA,4359.8649893552065,,,,,6,Maufacturing,0,331.976177662611,rucc_econtype_lowed
1009,2,True,20131,Nemaha County,KS,4749.476693120436,40103,Noble County,OK,4866.483791837178,,,,,6,Maufacturing,0,117.0070987167419,rucc_econtype_lowed
1010,2,True,22013,Bienville Parish,LA,4953.9694821730955,48343,Morris County,TX,5115.137593202293,,,,,6,Maufacturing,0,161.16811102919746,rucc_econtype_lowed
1011,2,True,18009,Blackford County,IN,5157.93027061224,21041,Carroll County,KY,5174.803133754467,,,,,6,Maufacturing,0,16.87286314222729,rucc_econtype_lowed
1012,2,True,19035,Cherokee County,IA,5338.005236856639,27071,Koochiching County,MN,5395.30678819865,,,,,6,Maufacturing,0,57.3015513420105,rucc_econtype_lowed
1013,2,True,19175,Union County,IA,5429.747595839202,18131,Pulaski County,IN,5446.691868111491,,,,,6,Maufacturing,0,16.9442722722888,rucc_econtype_lowed
1014,2,True,19037,Chickasaw County,IA,5725.034988947213,17017,Cass County,IL,5845.142072956311,,,,,6,Maufacturing,0,120.10708400909789,rucc_econtype_lowed
1015,2,True,54031,Hardy County,WV,5994.342018529773,40095,Marshall County,OK,6247.877403058112,,,,,6,Maufacturing,0,253.5353845283389,rucc_econtype_lowed
1016,2,True,48239,Jackson County,TX,6267.535306029022,55107,Rusk County,WI,6286.296296641231,,,,,6,Maufacturing,0,18.760990612208843,rucc_econtype_lowed
1017,2,True,5001,Arkansas County,AR,6313.380602346224,29073,Gasconade County,MO,6351.0636106953025,,,,,6,Maufacturing,0,37.68300834907859,rucc_econtype_lowed
1018,2,True,17139,Moultrie County,IL,6534.141707956791,13251,Screven County,GA,6644.264023423195,,,,,6,Maufacturing,0,110.12231546640396,rucc_econtype_lowed
1019,2,True,31151,Saline County,NE,6669.283590494648,51005,Alleghany County,VA,6711.555887124501,,,,,6,Maufacturing,0,42.27229662985337,rucc_econtype_lowed
1020,2,True,17023,Clark County,IL,6873.142591685057,47075,Haywood County,TN,7065.097416743636,,,,,6,Maufacturing,0,191.95482505857944,rucc_econtype_lowed
1021,2,True,18045,Fountain County,IN,7065.610086709261,29186,Ste. Genevieve County,MO,7631.767491877079,,,,,6,Maufacturing,0,566.1574051678181,rucc_econtype_lowed
1022,2,True,20005,Atchison County,KS,7666.517523318529,17187,Warren County,IL,7680.902996964753,,,,,6,Maufacturing,0,14.385473646223545,rucc_econtype_lowed
1023,2,True,40001,Adair County,OK,7686.068516418338,47085,Humphreys County,TN,7714.384779646993,,,,,6,Maufacturing,0,28.31626322865486,rucc_econtype_lowed
1024,2,True,29157,Perry County,MO,7827.18298381567,19095,Iowa County,IA,8037.987008810043,,,,,6,Maufacturing,0,210.80402499437332,rucc_econtype_lowed
1025,2,True,21213,Simpson County,KY,8045.296117559716,17045,Edgar County,IL,8159.025953307748,,,,,6,Maufacturing,0,113.7298357480322,rucc_econtype_lowed
1026,2,True,45011,Barnwell County,SC,8215.65207246691,55103,Richland County,WI,8457.71082392335,,,,,6,Maufacturing,0,242.0587514564395,rucc_econtype_lowed
1027,2,True,20021,Cherokee County,KS,8563.511102870107,21097,Harrison County,KY,8710.964796484623,,,,,6,Maufacturing,0,147.45369361451594,rucc_econtype_lowed
1028,2,True,18075,Jay County,IN,8720.896472498775,19055,Delaware County,IA,8722.310535825789,,,,,6,Maufacturing,0,1.4140633270144463,rucc_econtype_lowed
1029,2,True,39125,Paulding County,OH,8789.346107631922,18123,Perry County,IN,8810.059516564012,,,,,6,Maufacturing,0,20.713408932089806,rucc_econtype_lowed
1030,2,True,55119,Taylor County,WI,8825.64143640545,37117,Martin County,NC,9171.930346623063,,,,,6,Maufacturing,0,346.2889102176123,rucc_econtype_lowed
1031,2,True,19087,Henry County,IA,9257.155020269856,17041,Douglas County,IL,9551.731046691537,,,,,6,Maufacturing,0,294.5760264216806,rucc_econtype_lowed
1032,2,True,54035,Jackson County,WV,9745.955711513758,29055,Crawford County,MO,9923.86867685616,,,,,6,Maufacturing,0,177.91296534240246,rucc_econtype_lowed
1033,2,True,21183,Ohio County,KY,9951.99039162253,47109,McNairy County,TN,10077.139451369643,,,,,6,Maufacturing,0,125.14905974711291,rucc_econtype_lowed
1034,2,True,42067,Juniata County,PA,10124.777703285217,27161,Waseca County,MN,10147.295396484391,,,,,6,Maufacturing,0,22.517693199173664,rucc_econtype_lowed
1035,2,True,45001,Abbeville County,SC,10156.856462655589,18135,Randolph County,IN,10436.013843208551,,,,,6,Maufacturing,0,279.1573805529624,rucc_econtype_lowed
1036,2,True,47071,Hardin County,TN,10451.827571883798,21167,Mercer County,KY,10672.037868717918,,,,,6,Maufacturing,0,220.21029683412053,rucc_econtype_lowed
1037,2,True,47077,Henderson County,TN,10847.093408167362,5015,Carroll County,AR,10972.808821219834,,,,,6,Maufacturing,0,125.71541305247229,rucc_econtype_lowed
1038,2,True,21173,Montgomery County,KY,11096.907272031764,29207,Stoddard County,MO,11128.180184907455,,,,,6,Maufacturing,0,31.272912875690963,rucc_econtype_lowed
1039,2,True,21005,Anderson County,KY,11250.493816089467,21141,Logan County,KY,11250.824903247063,,,,,6,Maufacturing,0,0.3310871575959027,rucc_econtype_lowed
1040,2,True,18181,White County,IN,11402.952356439157,51197,Wythe County,VA,11461.656050589168,,,,,6,Maufacturing,0,58.70369415001187,rucc_econtype_lowed
1041,2,True,27153,Todd County,MN,11470.762928414304,18031,Decatur County,IN,12056.321605950594,,,,,6,Maufacturing,0,585.5586775362899,rucc_econtype_lowed
1042,2,True,55069,Lincoln County,WI,12063.548644584931,45089,Williamsburg County,SC,12261.082944151014,,,,,6,Maufacturing,0,197.53429956608306,rucc_econtype_lowed
1043,2,True,47055,Giles County,TN,12540.856919080019,18079,Jennings County,IN,12577.687202647328,,,,,6,Maufacturing,0,36.83028356730938,rucc_econtype_lowed
1044,2,True,8087,Morgan County,CO,12599.32280407846,39069,Henry County,OH,12906.72106257148,,,,,6,Maufacturing,0,307.39825849301997,rucc_econtype_lowed
1045,2,True,18169,Wabash County,IN,13621.306381687522,17157,Randolph County,IL,13804.704659043142,,,,,6,Maufacturing,0,183.39827735561994,rucc_econtype_lowed
1046,2,True,39161,Van Wert County,OH,14098.786637156736,29009,Barry County,MO,14212.160838723183,,,,,6,Maufacturing,0,113.37420156644657,rucc_econtype_lowed
1047,2,True,22069,Natchitoches Parish,LA,14306.225670000189,29105,Laclede County,MO,14415.148821294308,,,,,6,Maufacturing,0,108.92315129411872,rucc_econtype_lowed
1048,2,True,48477,Washington County,TX,14490.879572927952,55121,Trempealeau County,WI,14547.819068476558,,,,,6,Maufacturing,0,56.93949554860592,rucc_econtype_lowed
1049,2,True,18077,Jefferson County,IN,15100.046429143578,18023,Clinton County,IN,15331.357148918563,,,,,6,Maufacturing,0,231.31071977498505,rucc_econtype_lowed
1050,2,True,47029,Cocke County,TN,15351.744557648897,39031,Coshocton County,OH,15750.622267477447,,,,,6,Maufacturing,0,398.87770982855,rucc_econtype_lowed
1051,2,True,18051,Gibson County,IN,15768.694518176664,47103,Lincoln County,TN,15769.866435945034,,,,,6,Maufacturing,0,1.1719177683698945,rucc_econtype_lowed
1052,2,True,40097,Mayes County,OK,15850.47761493671,47117,Marshall County,TN,16022.71015509963,,,,,6,Maufacturing,0,172.2325401629205,rucc_econtype_lowed
1053,2,True,55019,Clark County,WI,16115.891159488609,19125,Marion County,IA,16553.480302239346,,,,,6,Maufacturing,0,437.58914275073766,rucc_econtype_lowed
1054,2,True,18001,Adams County,IN,16681.80475962162,39137,Putnam County,OH,16876.826221298805,,,,,6,Maufacturing,0,195.02146167718456,rucc_econtype_lowed
1055,2,True,18069,Huntington County,IN,17077.495172917843,39171,Williams County,OH,17345.24184793234,,,,,6,Maufacturing,0,267.74667501449585,rucc_econtype_lowed
1056,2,True,18107,Montgomery County,IN,17521.500669658184,47177,Warren County,TN,17625.461172664232,,,,,6,Maufacturing,0,103.96050300604838,rucc_econtype_lowed
1057,2,True,39021,Champaign County,OH,17849.587080634898,27085,McLeod County,MN,17898.663876453822,,,,,6,Maufacturing,0,49.07679581892444,rucc_econtype_lowed
1058,2,True,21009,Barren County,KY,18244.359815448523,55075,Marinette County,WI,18906.32690619558,,,,,6,Maufacturing,0,661.9670907470572,rucc_econtype_lowed
1059,2,True,37013,Beaufort County,NC,18959.982610613108,36025,Delaware County,NY,19121.71586731472,,,,,6,Maufacturing,0,161.73325670161285,rucc_econtype_lowed
1060,2,True,47123,Monroe County,TN,19212.294989407063,39135,Preble County,OH,19375.80438543344,,,,,6,Maufacturing,0,163.50939602637663,rucc_econtype_lowed
1061,2,True,37111,McDowell County,NC,19630.43773472251,13137,Habersham County,GA,19755.163772911765,,,,,6,Maufacturing,0,124.72603818925563,rucc_econtype_lowed
1062,2,True,26059,Hillsdale County,MI,19859.8077647686,36017,Chenango County,NY,20379.087546676397,,,,,6,Maufacturing,0,519.2797819077969,rucc_econtype_lowed
1063,2,True,51171,Shenandoah County,VA,20710.917857745662,21179,Nelson County,KY,20733.750107875967,,,,,6,Maufacturing,0,22.8322501303046,rucc_econtype_lowed
1064,2,True,55095,Polk County,WI,20908.866522550583,39091,Logan County,OH,21281.050344258547,,,,,6,Maufacturing,0,372.18382170796394,rucc_econtype_lowed
1065,2,True,55005,Barron County,WI,21717.363660395145,18099,Marshall County,IN,21938.56386145584,,,,,6,Maufacturing,0,221.2002010606957,rucc_econtype_lowed
1066,3,True,18113,Noble County,IN,22089.365410983562,55135,Waupaca County,WI,23773.07149815512,39037,Darke County,OH,24520.843172430992,6,Maufacturing,0,2431.4777614474297,rucc_econtype_lowed
1067,2,True,48195,Hansford County,TX,2272.3084080144763,8011,Bent County,CO,2454.7526008598506,,,,,7,Farming,1,182.44419284537435,rucc_econtype_lowed
1068,2,True,22035,East Carroll Parish,LA,2517.386196307838,48017,Bailey County,TX,2868.4109857566655,,,,,7,Farming,1,351.0247894488275,rucc_econtype_lowed
1069,2,True,5077,Lee County,AR,3225.9034927153116,5017,Chicot County,AR,3547.2864075303078,,,,,7,Farming,1,321.3829148149962,rucc_econtype_lowed
1070,2,True,13155,Irwin County,GA,3925.043797405153,48369,Parmer County,TX,4243.648831367493,,,,,7,Farming,1,318.6050339623398,rucc_econtype_lowed
1071,2,True,28135,Tallahatchie County,MS,4955.057976193726,48093,Comanche County,TX,5537.019009716809,,,,,7,Farming,1,581.9610335230827,rucc_econtype_lowed
1072,2,True,16047,Gooding County,ID,7300.755718126893,16067,Minidoka County,ID,10116.562782391906,,,,,7,Farming,1,2815.8070642650127,rucc_econtype_lowed
1073,2,True,16031,Cassia County,ID,11299.495240313874,16053,Jerome County,ID,11341.91229555331,,,,,7,Farming,1,42.417055239435285,rucc_econtype_lowed
1074,2,True,38069,Pierce County,ND,1823.0381954833865,46123,Tripp County,SD,2127.5132965296507,,,,,7,Farming,0,304.4751010462642,rucc_econtype_lowed
1075,2,True,48205,Hartley County,TX,2309.929418105632,48411,San Saba County,TX,2412.1482023335993,,,,,7,Farming,0,102.21878422796726,rucc_econtype_lowed
1076,2,True,31031,Cherry County,NE,2446.3264012348955,20171,Scott County,KS,2474.9279909953475,,,,,7,Farming,0,28.601589760452043,rucc_econtype_lowed
1077,2,True,20189,Stevens County,KS,2525.716790691018,20181,Sherman County,KS,2846.1672001592815,,,,,7,Farming,0,320.4504094682634,rucc_econtype_lowed
1078,2,True,19143,Osceola County,IA,2999.613604940474,8063,Kit Carson County,CO,3068.518570691347,,,,,7,Farming,0,68.90496575087309,rucc_econtype_lowed
1079,2,True,17065,Hamilton County,IL,3164.307908564806,29081,Harrison County,MO,3456.5691985338926,,,,,7,Farming,0,292.26128996908665,rucc_econtype_lowed
1080,2,True,30105,Valley County,MT,3481.1171844750643,21055,Crittenden County,KY,3619.5446073009443,,,,,7,Farming,0,138.42742282588006,rucc_econtype_lowed
1081,2,True,31147,Richardson County,NE,3674.7275750227273,17079,Jasper County,IL,4117.115202859277,,,,,7,Farming,0,442.38762783654965,rucc_econtype_lowed
1082,2,True,8125,Yuma County,CO,4324.3978814557195,19147,Palo Alto County,IA,4362.011208847165,,,,,7,Farming,0,37.61332739144564,rucc_econtype_lowed
1083,2,True,31039,Cuming County,NE,4364.597106683999,27149,Stevens County,MN,4466.044202283025,,,,,7,Farming,0,101.44709559902549,rucc_econtype_lowed
1084,2,True,31137,Phelps County,NE,4466.924007549882,27151,Swift County,MN,4542.338530757275,,,,,7,Farming,0,75.41452320739336,rucc_econtype_lowed
1085,2,True,31089,Holt County,NE,4546.003711263307,19069,Franklin County,IA,4634.095215059817,,,,,7,Farming,0,88.09150379650964,rucc_econtype_lowed
1086,2,True,27063,Jackson County,MN,4645.484114848077,31041,Custer County,NE,4942.554093678074,,,,,7,Farming,0,297.0699788299971,rucc_econtype_lowed
1087,2,True,40063,Hughes County,OK,5490.545781197274,27023,Chippewa County,MN,5933.409920598118,,,,,7,Farming,0,442.8641394008446,rucc_econtype_lowed
1088,2,True,21069,Fleming County,KY,5948.3526338973315,19197,Wright County,IA,5991.42099738121,,,,,7,Farming,0,43.068363483878784,rucc_econtype_lowed
1089,2,True,5021,Clay County,AR,6362.446020245552,29121,Macon County,MO,6448.595383703709,,,,,7,Farming,0,86.14936345815659,rucc_econtype_lowed
1090,2,True,19141,O'Brien County,IA,6870.459981426597,19109,Kossuth County,IA,6977.811807042846,,,,,7,Farming,0,107.3518256162497,rucc_econtype_lowed
1091,3,True,27127,Redwood County,MN,7204.501212120056,21001,Adair County,KY,7640.085608777801,35041,Roosevelt County,NM,8179.585599474609,7,Farming,0,975.0843873545527,rucc_econtype_lowed
1092,2,True,8055,Huerfano County,CO,2684.15318480134,49025,Kane County,UT,3413.830299399793,,,,,6,Recreation,0,729.677114598453,rucc_econtype_lowed
1093,2,True,51057,Essex County,VA,4300.1381128724315,51193,Westmoreland County,VA,7487.9913039729,,,,,6,Recreation,0,3187.8531911004684,rucc_econtype_lowed
1094,2,True,40091,McIntosh County,OK,7563.475760757923,36097,Schuyler County,NY,7736.314797952771,,,,,6,Recreation,0,172.83903719484806,rucc_econtype_lowed
1095,2,True,55067,Langlade County,WI,8272.983849063516,55047,Green Lake County,WI,8727.537345193326,,,,,6,Recreation,0,454.5534961298108,rucc_econtype_lowed
1096,2,True,24029,Kent County,MD,8729.481692619622,18117,Orange County,IN,8889.336373967002,,,,,6,Recreation,0,159.8546813473804,rucc_econtype_lowed
1097,2,True,13237,Putnam County,GA,9116.271722309291,5023,Cleburne County,AR,9178.419687694055,,,,,6,Recreation,0,62.147965384763665,rucc_econtype_lowed
1098,2,True,26051,Gladwin County,MI,9250.027403765009,17085,Jo Daviess County,IL,9780.087254851249,,,,,6,Recreation,0,530.0598510862401,rucc_econtype_lowed
1099,2,True,41027,Hood River County,OR,10635.91062268897,26127,Oceana County,MI,11111.271192207932,,,,,6,Recreation,0,475.3605695189617,rucc_econtype_lowed
1100,2,True,55137,Waushara County,WI,11248.729424133897,41057,Tillamook County,OR,11409.394016832113,,,,,6,Recreation,0,160.66459269821644,rucc_econtype_lowed
1101,2,True,13311,White County,GA,11802.177497719007,54025,Greenbrier County,WV,11992.963206583634,,,,,6,Recreation,0,190.78570886462694,rucc_econtype_lowed
1102,2,True,24023,Garrett County,MD,12031.833707779646,53031,Jefferson County,WA,12048.454788506031,,,,,6,Recreation,0,16.621080726385117,rucc_econtype_lowed
1103,2,True,23007,Franklin County,ME,12686.42112235725,36049,Lewis County,NY,12718.29691223563,,,,,6,Recreation,0,31.8757898783806,rucc_econtype_lowed
1104,2,True,29209,Stone County,MO,12790.21625941759,46081,Lawrence County,SD,12793.760932132602,,,,,6,Recreation,0,3.544672715011984,rucc_econtype_lowed
1105,2,True,26035,Clare County,MI,13889.756135121686,55029,Door County,WI,13926.385330542922,,,,,6,Recreation,0,36.629195421235636,rucc_econtype_lowed
1106,2,True,27115,Pine County,MN,13992.021221388131,37175,Transylvania County,NC,14229.3739400357,,,,,6,Recreation,0,237.35271864756942,rucc_econtype_lowed
1107,2,True,49051,Wasatch County,UT,15125.33245491609,30047,Lake County,MT,15401.277861885319,,,,,6,Recreation,0,275.9454069692292,rucc_econtype_lowed
1108,2,True,27005,Becker County,MN,15975.003334124573,40041,Delaware County,OK,16388.6420663991,,,,,6,Recreation,0,413.6387322745286,rucc_econtype_lowed
1109,2,True,24041,Talbot County,MD,17066.803292050958,50003,Bennington County,VT,17239.908526998246,,,,,6,Recreation,0,173.1052349472884,rucc_econtype_lowed
1110,2,True,23027,Waldo County,ME,17515.59312736988,42117,Tioga County,PA,17595.70470839739,,,,,6,Recreation,0,80.11158102750778,rucc_econtype_lowed
1111,2,True,6009,Calaveras County,CA,17701.888027966022,27041,Douglas County,MN,18016.745361983776,,,,,6,Recreation,0,314.8573340177536,rucc_econtype_lowed
1112,2,True,27061,Itasca County,MN,19545.580375121324,16017,Bonner County,ID,20061.777894735336,,,,,6,Recreation,0,516.197519614012,rucc_econtype_lowed
1113,2,True,48053,Burnet County,TX,20673.13912820124,26123,Newaygo County,MI,20836.551506404823,,,,,6,Recreation,0,163.4123782035822,rucc_econtype_lowed
1114,2,True,33003,Carroll County,NH,23920.254083499312,23009,Hancock County,ME,24538.461746394634,,,,,6,Recreation,0,618.2076628953218,rucc_econtype_lowed
1115,3,True,23017,Oxford County,ME,24888.845848097662,36021,Columbia County,NY,27113.651332179084,27111,Otter Tail County,MN,28062.48561640724,6,Recreation,0,3173.6397683095784,rucc_econtype_lowed
1116,2,True,48247,Jim Hogg County,TX,1848.7906077466905,51620,Franklin city,VA,3959.393401861191,,,,,6,Federal/State Government,1,2110.6027941145003,rucc_econtype_lowed
1117,2,True,12037,Franklin County,FL,4579.738776750863,12047,Hamilton County,FL,4798.435107856989,,,,,6,Federal/State Government,1,218.6963311061263,rucc_econtype_lowed
1118,2,True,29133,Mississippi County,MO,4880.565505789404,12013,Calhoun County,FL,5021.825201027095,,,,,6,Federal/State Government,1,141.25969523769163,rucc_econtype_lowed
1119,2,True,48313,Madison County,TX,5445.5782066732645,48487,Wilbarger County,TX,5838.706286147237,,,,,6,Federal/State Government,1,393.1280794739723,rucc_econtype_lowed
1120,2,True,51135,Nottoway County,VA,6116.674484990537,48255,Karnes County,TX,6151.169802002609,,,,,6,Federal/State Government,1,34.49531701207161,rucc_econtype_lowed
1121,2,True,45061,Lee County,SC,6723.9825193583965,5067,Jackson County,AR,6797.745578149217,,,,,6,Federal/State Government,1,73.76305879082065,rucc_econtype_lowed
1122,2,True,13267,Tattnall County,GA,8412.84059022367,51175,Southampton County,VA,8712.206099674106,,,,,6,Federal/State Government,1,299.36550945043564,rucc_econtype_lowed
1123,2,True,12059,Holmes County,FL,8895.52928608656,22003,Allen Parish,LA,8978.654707990354,,,,,6,Federal/State Government,1,83.12542190379463,rucc_econtype_lowed
1124,3,True,35029,Luna County,NM,9314.792091548443,37007,Anson County,NC,10202.96480679512,48025,Bee County,TX,12213.894996851683,6,Federal/State Government,1,2899.10290530324,rucc_econtype_lowed
1125,2,True,5079,Lincoln County,AR,4501.752833046485,12045,Gulf County,FL,5222.145593822002,,,,,3,Federal/State Government,1,720.3927607755177,rucc_econtype_lowed
1126,2,True,51029,Buckingham County,VA,6576.309028588235,48253,Jones County,TX,8009.04000261426,,,,,3,Federal/State Government,1,1432.7309740260243,rucc_econtype_lowed
1127,2,True,6115,Yuba County,CA,35500.60214356867,6031,Kings County,CA,61956.78811621666,,,,,3,Federal/State Government,1,26456.18597264799,rucc_econtype_lowed
1128,2,True,6025,Imperial County,CA,67502.24728322029,35013,Dona Ana County,NM,94715.0,,,,,3,Federal/State Government,1,27212.75271677971,rucc_econtype_lowed
1129,2,True,13197,Marion County,GA,3032.248804241419,5087,Madison County,AR,6459.570701387362,,,,,2,Maufacturing,1,3427.321897145943,rucc_econtype_lowed
1130,2,True,13189,McDuffie County,GA,8380.834392032237,47173,Union County,TN,8505.84699790721,,,,,2,Maufacturing,1,125.01260587497381,rucc_econtype_lowed
1131,2,True,45081,Saluda County,SC,8688.985372169176,29119,McDonald County,MO,9591.379443585873,,,,,2,Maufacturing,1,902.3940714166965,rucc_econtype_lowed
1132,3,True,22047,Iberville Parish,LA,12247.39090133449,45059,Laurens County,SC,30606.746407856626,37027,Caldwell County,NC,35621.42496187118,2,Maufacturing,1,23374.034060536687,rucc_econtype_lowed
1133,2,True,48269,King County,TX,110.7105997055769,31117,McPherson County,NE,182.1728996252641,,,,,9,Farming,0,71.46229991968721,rucc_econtype_lowed
1134,2,True,31005,Arthur County,NE,200.2147009218461,30069,Petroleum County,MT,221.41820041439496,,,,,9,Farming,0,21.203499492548872,rucc_econtype_lowed
1135,2,True,31075,Grant County,NE,280.598000585509,35021,Harding County,NM,280.63799983181525,,,,,9,Farming,0,0.039999246306251734,rucc_econtype_lowed
1136,2,True,31115,Loup County,NE,282.98600055649877,31007,Banner County,NE,302.8992007342167,,,,,9,Farming,0,19.913200177717954,rucc_econtype_lowed
1137,2,True,31171,Thomas County,NE,305.623100290657,48263,Kent County,TX,308.04000178398564,,,,,9,Farming,0,2.4169014933286235,rucc_econtype_lowed
1138,2,True,31113,Logan County,NE,327.3105998394676,31103,Keya Paha County,NE,345.49440054083243,,,,,9,Farming,0,18.183800701364817,rucc_econtype_lowed
1139,2,True,46075,Jones County,SD,345.83640114217997,38087,Slope County,ND,346.68990103690885,,,,,9,Farming,0,0.8534998947288841,rucc_econtype_lowed
1140,2,True,31183,Wheeler County,NE,365.2579010426416,31085,Hayes County,NE,392.37239918578416,,,,,9,Farming,0,27.114498143142555,rucc_econtype_lowed
1141,2,True,30109,Wibaux County,MT,430.5924024176784,48345,Motley County,TX,442.8423988223076,,,,,9,Farming,0,12.2499964046292,rucc_econtype_lowed
1142,2,True,38007,Billings County,ND,456.1997993267141,46069,Hyde County,SD,475.7607007417828,,,,,9,Farming,0,19.560901415068656,rucc_econtype_lowed
1143,2,True,48155,Foard County,TX,498.07590038795024,31165,Sioux County,NE,511.14240215346217,,,,,9,Farming,0,13.06650176551193,rucc_econtype_lowed
1144,2,True,30033,Garfield County,MT,537.134402198717,46119,Sully County,SD,547.2576000317931,,,,,9,Farming,0,10.12319783307612,rucc_econtype_lowed
1145,2,True,31149,Rock County,NE,567.9359986614436,38083,Sheridan County,ND,578.2600003648549,,,,,9,Farming,0,10.32400170341134,rucc_econtype_lowed
1146,2,True,48447,Throckmorton County,TX,585.2760014291853,48045,Briscoe County,TX,616.9843993689865,,,,,9,Farming,0,31.708397939801216,rucc_econtype_lowed
1147,2,True,20071,Greeley County,KS,618.7319977488369,48101,Cottle County,TX,624.6932981684804,,,,,9,Farming,0,5.961300419643521,rucc_econtype_lowed
1148,2,True,8061,Kiowa County,CO,627.4812011513859,49031,Piute County,UT,639.3724009972066,,,,,9,Farming,0,11.891199845820665,rucc_econtype_lowed
1149,2,True,41069,Wheeler County,OR,641.699599695392,30011,Carter County,MT,649.3968003792688,,,,,9,Farming,0,7.697200683876872,rucc_econtype_lowed
1150,2,True,46063,Harding County,SD,652.1759977815673,46021,Campbell County,SD,655.8655999451876,,,,,9,Farming,0,3.689602163620293,rucc_econtype_lowed
1151,2,True,35011,De Baca County,NM,721.8504047552124,46095,Mellette County,SD,725.8763985559344,,,,,9,Farming,0,4.025993800722063,rucc_econtype_lowed
1152,2,True,20199,Wallace County,KS,727.0101046413183,20033,Comanche County,KS,742.7728039771318,,,,,9,Farming,0,15.762699335813522,rucc_econtype_lowed
1153,2,True,8017,Cheyenne County,CO,756.2463996708393,31057,Dundy County,NE,756.7182007487863,,,,,9,Farming,0,0.47180107794702053,rucc_econtype_lowed
1154,2,True,20101,Lane County,KS,757.9467043085024,30019,Daniels County,MT,762.9552034847438,,,,,9,Farming,0,5.0084991762414575,rucc_econtype_lowed
1155,2,True,8057,Jackson County,CO,772.9314037244767,48327,Menard County,TX,779.9462989438325,,,,,9,Farming,0,7.014895219355822,rucc_econtype_lowed
1156,2,True,30055,McCone County,MT,791.0208002803847,46073,Jerauld County,SD,805.4048030329868,,,,,9,Farming,0,14.3840027526021,rucc_econtype_lowed
1157,2,True,31015,Boyd County,NE,813.2045019455254,31049,Deuel County,NE,823.5071990713477,,,,,9,Farming,0,10.302697125822306,rucc_econtype_lowed
1158,2,True,20083,Hodgeman County,KS,828.8528006998822,41055,Sherman County,OR,828.8670015288517,,,,,9,Farming,0,0.014200828969478607,rucc_econtype_lowed
1159,2,True,29227,Worth County,MO,834.7518998272717,31069,Garden County,NE,841.8407969198888,,,,,9,Farming,0,7.088897092617117,rucc_econtype_lowed
1160,2,True,38033,Golden Valley County,ND,845.4464001674205,31071,Garfield County,NE,848.9579992480576,,,,,9,Farming,0,3.5115990806370974,rucc_econtype_lowed
1161,2,True,31073,Gosper County,NE,864.1535051465034,38047,Logan County,ND,911.9956043697894,,,,,9,Farming,0,47.84209922328591,rucc_econtype_lowed
1162,2,True,20025,Clark County,KS,959.3808022877201,46049,Faulk County,SD,1009.0240058749914,,,,,9,Farming,0,49.64320358727127,rucc_econtype_lowed
1163,2,True,8115,Sedgwick County,CO,1041.881901677698,38023,Divide County,ND,1071.764506496489,,,,,9,Farming,0,29.88260481879115,rucc_econtype_lowed
1164,2,True,38001,Adams County,ND,1072.6554019283503,38027,Eddy County,ND,1072.7550075873733,,,,,9,Farming,0,0.09960565902292728,rucc_econtype_lowed
1165,2,True,20097,Kiowa County,KS,1085.2200034409761,38095,Towner County,ND,1090.2443047873676,,,,,9,Farming,0,5.024301346391439,rucc_econtype_lowed
1166,2,True,38075,Renville County,ND,1127.8712996980175,46111,Sanborn County,SD,1130.1647994406521,,,,,9,Farming,0,2.2934997426345944,rucc_econtype_lowed
1167,2,True,48087,Collingsworth County,TX,1136.1542040072381,8033,Dolores County,CO,1137.8006931003183,,,,,9,Farming,0,1.646489093080163,rucc_econtype_lowed
1168,2,True,46089,McPherson County,SD,1147.764806367457,31063,Frontier County,NE,1149.090590029955,,,,,9,Farming,0,1.3257836624979973,rucc_econtype_lowed
1169,2,True,38039,Griggs County,ND,1161.0709875747561,46107,Potter County,SD,1172.990399710834,,,,,9,Farming,0,11.91941213607788,rucc_econtype_lowed
1170,2,True,20179,Sheridan County,KS,1175.5908130239695,31133,Pawnee County,NE,1185.3107020128518,,,,,9,Farming,0,9.719888988882303,rucc_econtype_lowed
1171,2,True,31087,Hitchcock County,NE,1195.801604213193,38041,Hettinger County,ND,1213.860100382939,,,,,9,Farming,0,18.058496169745922,rucc_econtype_lowed
1172,2,True,38051,McIntosh County,ND,1230.626198321581,20153,Rawlins County,KS,1232.3079000804573,,,,,9,Farming,0,1.681701758876443,rucc_econtype_lowed
1173,2,True,20023,Cheyenne County,KS,1258.0884086377919,20047,Edwards County,KS,1282.9712028801441,,,,,9,Farming,0,24.882794242352247,rucc_econtype_lowed
1174,2,True,20129,Morton County,KS,1298.7536068651825,31017,Brown County,NE,1301.5200014971197,,,,,9,Farming,0,2.766394631937146,rucc_econtype_lowed
1175,2,True,20165,Rush County,KS,1302.2640031203628,20063,Gove County,KS,1304.4932981692255,,,,,9,Farming,0,2.2292950488626957,rucc_econtype_lowed
1176,2,True,31135,Perkins County,NE,1307.1990016251075,35003,Catron County,NM,1309.6340979523957,,,,,9,Farming,0,2.4350963272881927,rucc_econtype_lowed
1177,2,True,20039,Decatur County,KS,1325.1176976375282,20109,Logan County,KS,1325.1176976375282,,,,,9,Farming,0,0.0,rucc_econtype_lowed
1178,2,True,46003,Aurora County,SD,1331.5160074271262,20195,Trego County,KS,1350.8981938697398,,,,,9,Farming,0,19.3821864426136,rucc_econtype_lowed
1179,2,True,20089,Jewell County,KS,1352.5281012021005,20105,Lincoln County,KS,1359.190799281001,,,,,9,Farming,0,6.662698078900576,rucc_econtype_lowed
1180,2,True,46043,Douglas County,SD,1368.3283976623861,46085,Lyman County,SD,1406.1480095982552,,,,,9,Farming,0,37.819611935869034,rucc_econtype_lowed
1181,2,True,40059,Harper County,OK,1416.528802499175,31061,Franklin County,NE,1438.6976032964885,,,,,9,Farming,0,22.16880079731345,rucc_econtype_lowed
1182,2,True,8009,Baca County,CO,1454.3332976736128,46031,Corson County,SD,1474.5552423000336,,,,,9,Farming,0,20.221944626420736,rucc_econtype_lowed
1183,2,True,29129,Mercer County,MO,1499.473177626729,46053,Gregory County,SD,1511.8485104106367,,,,,9,Farming,0,12.375332783907652,rucc_econtype_lowed
1184,2,True,46059,Hand County,SD,1519.8768020998687,31083,Harlan County,NE,1531.5168079733849,,,,,9,Farming,0,11.640005873516202,rucc_econtype_lowed
1185,2,True,38031,Foster County,ND,1550.9973041226185,27155,Traverse County,MN,1553.8572004884481,,,,,9,Farming,0,2.859896365829627,rucc_econtype_lowed
1186,2,True,29103,Knox County,MO,1589.5542027018964,30091,Sheridan County,MT,1624.1399956718087,,,,,9,Farming,0,34.58579296991229,rucc_econtype_lowed
1187,2,True,20141,Osborne County,KS,1680.888603568077,31181,Webster County,NE,1688.149232327938,,,,,9,Farming,0,7.260628759860992,rucc_econtype_lowed
1188,2,True,29197,Schuyler County,MO,1689.2467849552631,20183,Smith County,KS,1716.9813061840832,,,,,9,Farming,0,27.734521228820086,rucc_econtype_lowed
1189,2,True,31029,Chase County,NE,1779.6891085244715,20185,Stafford County,KS,1794.2304012030363,,,,,9,Farming,0,14.541292678564787,rucc_econtype_lowed
1190,2,True,38103,Wells County,ND,1817.544482447207,46025,Clark County,SD,1822.549594849348,,,,,9,Farming,0,5.005112402141094,rucc_econtype_lowed
1191,2,True,40053,Grant County,OK,1822.7434994354844,38045,LaMoure County,ND,1867.947096079588,,,,,9,Farming,0,45.20359664410353,rucc_econtype_lowed
1192,2,True,48333,Mills County,TX,1875.7002031616867,46045,Edmunds County,SD,1898.2263994663954,,,,,9,Farming,0,22.52619630470872,rucc_econtype_lowed
1193,2,True,38019,Cavalier County,ND,1899.579903833568,31175,Valley County,NE,1903.7240089774132,,,,,9,Farming,0,4.144105143845081,rucc_econtype_lowed
1194,2,True,37095,Hyde County,NC,1910.1088978610933,21105,Hickman County,KY,1929.5159919597208,,,,,9,Farming,0,19.407094098627567,rucc_econtype_lowed
1195,2,True,30071,Phillips County,MT,1943.309605299779,20119,Meade County,KS,1951.3935964405537,,,,,9,Farming,0,8.083991140774742,rucc_econtype_lowed
1196,2,True,8095,Phillips County,CO,1960.7525037042797,29171,Putnam County,MO,1984.2255824133754,,,,,9,Farming,0,23.473078709095716,rucc_econtype_lowed
1197,2,True,29199,Scotland County,MO,1997.849099714309,31129,Nuckolls County,NE,2036.221208281815,,,,,9,Farming,0,38.372108567506075,rucc_econtype_lowed
1198,2,True,46039,Deuel County,SD,2043.2736017256975,31123,Morrill County,NE,2044.5696086138487,,,,,9,Farming,0,1.2960068881511688,rucc_econtype_lowed
1199,2,True,46091,Marshall County,SD,2049.5799879580736,21039,Carlisle County,KY,2055.3540032170713,,,,,9,Farming,0,5.774015258997679,rucc_econtype_lowed
1200,2,True,27069,Kittson County,MN,2056.9840144366026,8121,Washington County,CO,2083.763803355396,,,,,9,Farming,0,26.7797889187932,rucc_econtype_lowed
1201,2,True,19159,Ringgold County,IA,2083.9087901860476,31065,Furnas County,NE,2116.008312650025,,,,,9,Farming,0,32.09952246397734,rucc_econtype_lowed
1202,2,True,40029,Coal County,OK,2147.748282600194,20157,Republic County,KS,2158.7148060426116,,,,,9,Farming,0,10.966523442417383,rucc_econtype_lowed
1203,2,True,40007,Beaver County,OK,2188.6848131343722,17171,Scott County,IL,2217.8336056880653,,,,,9,Farming,0,29.148792553693056,rucc_econtype_lowed
1204,2,True,29005,Atchison County,MO,2248.314683973789,38021,Dickey County,ND,2283.811809167266,,,,,9,Farming,0,35.49712519347668,rucc_econtype_lowed
1205,2,True,31161,Sheridan County,NE,2300.140795160085,31169,Thayer County,NE,2348.9939916059375,,,,,9,Farming,0,48.85319644585252,rucc_econtype_lowed
1206,2,True,27011,Big Stone County,MN,2386.58010917902,31143,Polk County,NE,2431.5444155416117,,,,,9,Farming,0,44.96430636259174,rucc_econtype_lowed
1207,2,True,40003,Alfalfa County,OK,2467.70720089972,46077,Kingsbury County,SD,2507.1472157873213,,,,,9,Farming,0,39.44001488760114,rucc_econtype_lowed
1208,2,True,46015,Brule County,SD,2539.6231851503253,20201,Washington County,KS,2558.4768037050962,,,,,9,Farming,0,18.853618554770947,rucc_econtype_lowed
1209,2,True,29205,Shelby County,MO,2588.99548747018,46037,Day County,SD,2591.9304071366787,,,,,9,Farming,0,2.9349196664988995,rucc_econtype_lowed
1210,2,True,31011,Boone County,NE,2606.9817487597466,38049,McHenry County,ND,2629.6608001478016,,,,,9,Farming,0,22.679051388055086,rucc_econtype_lowed
1211,2,True,27081,Lincoln County,MN,2632.8816020041704,19173,Taylor County,IA,2638.5025004781783,,,,,9,Farming,0,5.620898474007845,rucc_econtype_lowed
1212,2,True,20143,Ottawa County,KS,2651.754614420235,38005,Benson County,ND,2723.56990442425,,,,,9,Farming,0,71.81529000401497,rucc_econtype_lowed
1213,2,True,5101,Newton County,AR,2804.5568136479706,27051,Grant County,MN,2806.274113252759,,,,,9,Farming,0,1.7172996047884226,rucc_econtype_lowed
1214,2,True,29045,Clark County,MO,2813.4054067619145,17071,Henderson County,IL,2913.0135995447636,,,,,9,Farming,0,99.60819278284907,rucc_econtype_lowed
1215,2,True,38009,Bottineau County,ND,2913.388795875013,46057,Hamlin County,SD,2932.476016536355,,,,,9,Farming,0,19.087220661342144,rucc_econtype_lowed
1216,2,True,46115,Spink County,SD,3027.0719938725233,31003,Antelope County,NE,3047.668223142624,,,,,9,Farming,0,20.596229270100594,rucc_econtype_lowed
1217,2,True,8021,Conejos County,CO,3095.3011946976185,30005,Blaine County,MT,3130.7472059465945,,,,,9,Farming,0,35.44601124897599,rucc_econtype_lowed
1218,2,True,27073,Lac qui Parle County,MN,3164.2994830956304,19151,Pocahontas County,IA,3241.9774109426,,,,,9,Farming,0,77.6779278469694,rucc_econtype_lowed
1219,2,True,29041,Chariton County,MO,3257.2967982292175,46009,Bon Homme County,SD,3390.4943775199354,,,,,9,Farming,0,133.19757929071784,rucc_econtype_lowed
1220,2,True,19195,Worth County,IA,3499.836224474013,38067,Pembina County,ND,3514.686907052994,,,,,9,Farming,0,14.850682578980923,rucc_econtype_lowed
1221,2,True,46023,Charles Mix County,SD,3545.0625168830156,31139,Pierce County,NE,3547.645213022828,,,,,9,Farming,0,2.5826961398124695,rucc_econtype_lowed
1222,2,True,29137,Monroe County,MO,3675.714898131788,27101,Murray County,MN,3805.833595842123,,,,,9,Farming,0,130.11869771033525,rucc_econtype_lowed
1223,2,True,28015,Carroll County,MS,3837.9881957769394,31027,Cedar County,NE,4058.2911174818873,,,,,9,Farming,0,220.30292170494795,rucc_econtype_lowed
1224,2,True,31107,Knox County,NE,4067.2497798874974,19051,Davis County,IA,4219.605496786535,,,,,9,Farming,0,152.35571689903736,rucc_econtype_lowed
1225,2,True,29111,Lewis County,MO,4252.310404784977,27173,Yellow Medicine County,MN,4490.171022102237,,,,,9,Farming,0,237.8606173172593,rucc_econtype_lowed
1226,2,True,19161,Sac County,IA,4494.444414362311,19025,Calhoun County,IA,4545.615606252388,,,,,9,Farming,0,51.17119189007644,rucc_econtype_lowed
1227,3,True,46109,Roberts County,SD,4887.460020929575,40005,Atoka County,OK,5769.376167312264,51077,Grayson County,VA,6208.7934090569615,9,Farming,0,1321.3333881273866,rucc_econtype_lowed
1228,2,True,28001,Adams County,MS,10446.22124324739,29127,Marion County,MO,12096.185392126441,,,,,5,Nonspecialized,0,1649.9641488790512,rucc_econtype_lowed
1229,2,True,46029,Codington County,SD,13476.776777267456,51185,Tazewell County,VA,13622.132128804922,,,,,5,Nonspecialized,0,145.35535153746605,rucc_econtype_lowed
1230,2,True,13299,Ware County,GA,14050.44678902626,48049,Brown County,TX,15509.813961789012,,,,,5,Nonspecialized,0,1459.3671727627516,rucc_econtype_lowed
1231,2,True,31111,Lincoln County,NE,15835.02895116806,31157,Scotts Bluff County,NE,16184.502014577389,,,,,5,Nonspecialized,0,349.47306340932846,rucc_econtype_lowed
1232,2,True,29023,Butler County,MO,16705.938549757004,13277,Tift County,GA,16787.117448985577,,,,,5,Nonspecialized,0,81.17889922857285,rucc_econtype_lowed
1233,2,True,19187,Webster County,IA,17121.165669322014,31119,Madison County,NE,17245.497413158417,,,,,5,Nonspecialized,0,124.3317438364029,rucc_econtype_lowed
1234,2,True,46013,Brown County,SD,18219.18955862522,37153,Richmond County,NC,18224.162999459237,,,,,5,Nonspecialized,0,4.973440834015491,rucc_econtype_lowed
1235,2,True,21107,Hopkins County,KY,18273.73714174144,40071,Kay County,OK,19465.783079594374,,,,,5,Nonspecialized,0,1192.045937852934,rucc_econtype_lowed
1236,2,True,19033,Cerro Gordo County,IA,20290.638503432274,35009,Curry County,NM,20640.985563099384,,,,,5,Nonspecialized,0,350.34705966711044,rucc_econtype_lowed
1237,2,True,28105,Oktibbeha County,MS,22012.099168360233,21125,Laurel County,KY,23721.989947123562,,,,,5,Nonspecialized,0,1709.8907787633289,rucc_econtype_lowed
1238,2,True,21199,Pulaski County,KY,24551.039398938738,41011,Coos County,OR,24789.651158481836,,,,,5,Nonspecialized,0,238.61175954309874,rucc_econtype_lowed
1239,2,True,28087,Lowndes County,MS,25025.615885972977,20169,Saline County,KS,25103.974799752235,,,,,5,Nonspecialized,0,78.35891377925873,rucc_econtype_lowed
1240,2,True,5115,Pope County,AR,26500.431218970858,41035,Klamath County,OR,26629.707539523006,,,,,5,Nonspecialized,0,129.2763205521478,rucc_econtype_lowed
1241,2,True,40047,Garfield County,OK,27997.679582472105,53009,Clallam County,WA,28193.54519200325,,,,,5,Nonspecialized,0,195.8656095311453,rucc_econtype_lowed
1242,2,True,48347,Nacogdoches County,TX,28359.980578359333,21145,McCracken County,KY,28925.961376190186,,,,,5,Nonspecialized,0,565.9807978308527,rucc_econtype_lowed
1243,2,True,18177,Wayne County,IN,29611.170155882835,28075,Lauderdale County,MS,29743.30036622286,,,,,5,Nonspecialized,0,132.13021034002304,rucc_econtype_lowed
1244,2,True,17001,Adams County,IL,30055.836674769,38101,Ward County,ND,34441.049259871244,,,,,5,Nonspecialized,0,4385.212585102243,rucc_econtype_lowed
1245,3,True,48005,Angelina County,TX,37899.55993056297,16083,Twin Falls County,ID,41254.89011603594,6023,Humboldt County,CA,61905.0,5,Nonspecialized,0,24005.440069437027,rucc_econtype_lowed
1246,2,True,48033,Borden County,TX,251.24469970539212,30103,Treasure County,MT,352.1159994644113,,,,,8,Farming,0,100.87129975901917,rucc_econtype_lowed
1247,2,True,48173,Glasscock County,TX,444.44679911155254,46055,Haakon County,SD,706.8744005337358,,,,,8,Farming,0,262.4276014221832,rucc_econtype_lowed
1248,2,True,48125,Dickens County,TX,734.7158018713817,30045,Judith Basin County,MT,896.8585984893143,,,,,8,Farming,0,162.14279661793262,rucc_econtype_lowed
1249,2,True,46137,Ziebach County,SD,912.0959972515702,38091,Steele County,ND,923.7497980967164,,,,,8,Farming,0,11.65380084514618,rucc_econtype_lowed
1250,2,True,31077,Greeley County,NE,1023.8948061279953,46071,Jackson County,SD,1060.311600714922,,,,,8,Farming,0,36.4167945869267,rucc_econtype_lowed
1251,2,True,46097,Miner County,SD,1110.6792042870075,38037,Grant County,ND,1116.9938997337595,,,,,8,Farming,0,6.314695446752012,rucc_econtype_lowed
1252,2,True,20049,Elk County,KS,1141.1207975260913,38043,Kidder County,ND,1167.6597968116403,,,,,8,Farming,0,26.538999285548925,rucc_econtype_lowed
1253,2,True,31163,Sherman County,NE,1384.5868976575803,48129,Donley County,TX,1399.5012017525733,,,,,8,Farming,0,14.914304094992985,rucc_econtype_lowed
1254,2,True,38063,Nelson County,ND,1404.3376037999988,46105,Perkins County,SD,1406.8368064705282,,,,,8,Farming,0,2.4992026705294847,rucc_econtype_lowed
1255,2,True,16061,Lewis County,ID,1460.032005675137,48151,Fisher County,TX,1493.9940427541733,,,,,8,Farming,0,33.962037079036236,rucc_econtype_lowed
1256,2,True,38029,Emmons County,ND,1609.345295947045,31125,Nance County,NE,1639.4421072416008,,,,,8,Farming,0,30.096811294555664,rucc_econtype_lowed
1257,2,True,46061,Hanson County,SD,1675.7615968100727,29087,Holt County,MO,1790.6919068470597,,,,,8,Farming,0,114.93031003698707,rucc_econtype_lowed
1258,2,True,27125,Red Lake County,MN,1918.7514079306275,16071,Oneida County,ID,2036.537104871124,,,,,8,Farming,0,117.78569694049656,rucc_econtype_lowed
1259,2,True,40067,Jefferson County,OK,2159.294688016176,13201,Miller County,GA,2227.238407533616,,,,,8,Farming,0,67.9437195174396,rucc_econtype_lowed
1260,2,True,48119,Delta County,TX,2238.29280314222,20127,Morris County,KS,2472.8163008391857,,,,,8,Farming,0,234.52349769696593,rucc_econtype_lowed
1261,2,True,54071,Pendleton County,WV,2576.6513983495533,31059,Fillmore County,NE,2593.546785686165,,,,,8,Farming,0,16.895387336611748,rucc_econtype_lowed
1262,2,True,38073,Ransom County,ND,2601.7492057830095,19009,Audubon County,IA,2604.245701654181,,,,,8,Farming,0,2.4964958711716463,rucc_econtype_lowed
1263,2,True,29075,Gentry County,MO,2611.8790514469147,30015,Chouteau County,MT,2616.6313866972923,,,,,8,Farming,0,4.752335250377655,rucc_econtype_lowed
1264,2,True,30099,Teton County,MT,2763.355166219175,31035,Clay County,NE,3039.8287909775972,,,,,8,Farming,0,276.4736247584224,rucc_econtype_lowed
1265,2,True,46101,Moody County,SD,3065.7344082072377,29057,Dade County,MO,3120.1933012641966,,,,,8,Farming,0,54.458893056958914,rucc_econtype_lowed
1266,2,True,27107,Norman County,MN,3145.009483639151,31021,Burt County,NE,3260.9668154083192,,,,,8,Farming,0,115.95733176916838,rucc_econtype_lowed
1267,2,True,31173,Thurston County,NE,3278.8842144832015,5117,Prairie County,AR,3375.2482061117116,,,,,8,Farming,0,96.36399162851012,rucc_econtype_lowed
1268,2,True,21181,Nicholas County,KY,3507.0986805557623,29061,Daviess County,MO,3573.23572473228,,,,,8,Farming,0,66.13704417651752,rucc_econtype_lowed
1269,2,True,46067,Hutchinson County,SD,3591.845629978925,29125,Maries County,MO,3618.931196436286,,,,,8,Farming,0,27.085566457360983,rucc_econtype_lowed
1270,2,True,18171,Warren County,IN,3619.007990680635,29185,St. Clair County,MO,3825.8913201242685,,,,,8,Farming,0,206.88332944363356,rucc_econtype_lowed
1271,2,True,38097,Traill County,ND,4105.188319474459,27089,Marshall County,MN,4412.0173197428085,,,,,8,Farming,0,306.8290002683498,rucc_econtype_lowed
1272,2,True,21087,Green County,KY,4487.960513059719,21171,Monroe County,KY,4649.378304168582,,,,,8,Farming,0,161.41779110886273,rucc_econtype_lowed
1273,2,True,19107,Keokuk County,IA,4650.0618666782975,38055,McLean County,ND,4809.989090945572,,,,,8,Farming,0,159.92722426727414,rucc_econtype_lowed
1274,2,True,53043,Lincoln County,WA,4934.038510121747,21011,Bath County,KY,5027.181614115834,,,,,8,Farming,0,93.14310399408714,rucc_econtype_lowed
1275,2,True,21219,Todd County,KY,5082.719323308818,27121,Pope County,MN,5221.003695581479,,,,,8,Farming,0,138.28437227266113,rucc_econtype_lowed
1276,2,True,21187,Owen County,KY,5400.543008663226,19119,Lyon County,IA,5782.880821809173,,,,,8,Farming,0,382.3378131459467,rucc_econtype_lowed
1277,2,True,19023,Butler County,IA,6633.2128778249025,27129,Renville County,MN,7164.656050335143,,,,,8,Farming,0,531.4431725102404,rucc_econtype_lowed
1278,2,True,55065,Lafayette County,WI,8121.2988959774375,21027,Breckinridge County,KY,9152.899479452979,,,,,8,Farming,0,1031.6005834755415,rucc_econtype_lowed
1279,2,True,13239,Quitman County,GA,905.0142004210502,21189,Owsley County,KY,1298.3945061825216,,,,,9,Nonspecialized,1,393.3803057614714,rucc_econtype_lowed
1280,2,True,21237,Wolfe County,KY,2125.4604980785953,21129,Lee County,KY,2376.6869018104626,,,,,9,Nonspecialized,1,251.22640373186732,rucc_econtype_lowed
1281,2,True,21057,Cumberland County,KY,2384.3870967526236,5147,Woodruff County,AR,2546.60558656021,,,,,9,Nonspecialized,1,162.2184898075866,rucc_econtype_lowed
1282,2,True,28037,Franklin County,MS,2714.2743952050805,13309,Wheeler County,GA,2753.702006135136,,,,,9,Nonspecialized,1,39.42761093005538,rucc_econtype_lowed
1283,2,True,48405,San Augustine County,TX,2962.8041088525206,22025,Catahoula Parish,LA,3158.743797172385,,,,,9,Nonspecialized,1,195.93968831986422,rucc_econtype_lowed
1284,2,True,28069,Kemper County,MS,3424.375223904848,47027,Clay County,TN,3449.673103749752,,,,,9,Nonspecialized,1,25.297879844903946,rucc_econtype_lowed
1285,2,True,21153,Magoffin County,KY,3750.314393378794,28155,Webster County,MS,4221.9072002545,,,,,9,Nonspecialized,1,471.5928068757057,rucc_econtype_lowed
1286,2,True,29181,Ripley County,MO,4234.782613232732,29223,Wayne County,MO,4350.888615220785,,,,,9,Nonspecialized,1,116.10600198805332,rucc_econtype_lowed
1287,2,True,28147,Walthall County,MS,4914.770009342901,21109,Jackson County,KY,4915.826670227223,,,,,9,Nonspecialized,1,1.0566608843219,rucc_econtype_lowed
1288,2,True,28013,Calhoun County,MS,5616.196893773973,37131,Northampton County,NC,6706.134210850731,,,,,9,Nonspecialized,1,1089.9373170767576,rucc_econtype_lowed
1289,2,True,48153,Floyd County,TX,2244.4058096446097,28119,Quitman County,MS,2408.0089983940125,,,,,6,Farming,1,163.60318874940276,rucc_econtype_lowed
1290,2,True,40141,Tillman County,OK,2838.492313578725,48437,Swisher County,TX,2994.6316208019853,,,,,6,Farming,1,156.1393072232604,rucc_econtype_lowed
1291,2,True,48069,Castro County,TX,3167.6882067099214,41049,Morrow County,OR,5406.3810347566105,,,,,6,Farming,1,2238.692828046689,rucc_econtype_lowed
1292,2,True,48279,Lamb County,TX,5419.787084288895,29229,Wright County,MO,6904.560686171055,,,,,6,Farming,1,1484.7736018821597,rucc_econtype_lowed
1293,2,True,48117,Deaf Smith County,TX,7983.176192715764,48177,Gonzales County,TX,8216.212208122015,,,,,6,Farming,1,233.03601540625095,rucc_econtype_lowed
1294,3,True,6011,Colusa County,CA,8755.732415646315,53001,Adams County,WA,9351.565508615633,6021,Glenn County,CA,11590.972527474165,6,Farming,1,2835.2401118278503,rucc_econtype_lowed
1295,2,True,48271,Kinney County,TX,1249.3600036911666,48377,Presidio County,TX,2559.6663032993674,,,,,7,Federal/State Government,1,1310.3062996082008,rucc_econtype_lowed
1296,2,True,54021,Gilmer County,WV,2599.0637735798955,48047,Brooks County,TX,2894.749002121389,,,,,7,Federal/State Government,1,295.6852285414934,rucc_econtype_lowed
1297,2,True,13141,Hancock County,GA,3381.918007403612,13167,Johnson County,GA,3540.374997422099,,,,,7,Federal/State Government,1,158.45699001848698,rucc_econtype_lowed
1298,2,True,48335,Mitchell County,TX,3657.974989950657,21025,Breathitt County,KY,4401.950293377042,,,,,7,Federal/State Government,1,743.9753034263849,rucc_econtype_lowed
1299,2,True,21051,Clay County,KY,7705.651477903128,48225,Houston County,TX,8341.456921815872,,,,,7,Federal/State Government,1,635.8054439127445,rucc_econtype_lowed
1300,3,True,6015,Del Norte County,CA,9625.819514542818,6035,Lassen County,CA,11357.082020238042,48001,Anderson County,TX,21315.57528731227,7,Federal/State Government,1,11689.755772769451,rucc_econtype_lowed
1301,2,True,18115,Ohio County,IN,2827.674202784896,8047,Gilpin County,CO,2856.1714120209217,,,,,1,Recreation,0,28.49720923602581,rucc_econtype_lowed
1302,2,True,51115,Mathews County,VA,3459.0679856538773,51157,Rappahannock County,VA,3519.860573314596,,,,,1,Recreation,0,60.79258766071871,rucc_econtype_lowed
1303,2,True,47169,Trousdale County,TN,5028.299383737147,53059,Skamania County,WA,5125.91181520489,,,,,1,Recreation,0,97.61243146774359,rucc_econtype_lowed
1304,2,True,51735,Poquoson city,VA,5663.025906689465,8093,Park County,CO,6858.628623347729,,,,,1,Recreation,0,1195.6027166582644,rucc_econtype_lowed
1305,2,True,51830,Williamsburg city,VA,7015.554018750787,18013,Brown County,IN,7183.224422052503,,,,,1,Recreation,0,167.67040330171585,rucc_econtype_lowed
1306,2,True,48019,Bandera County,TX,8838.955036878586,13085,Dawson County,GA,11306.586883273412,,,,,1,Recreation,0,2467.6318463948264,rucc_econtype_lowed
1307,2,True,36123,Yates County,NY,11412.162909701467,39073,Hocking County,OH,11857.946273818729,,,,,1,Recreation,0,445.78336411726195,rucc_econtype_lowed
1308,2,True,37053,Currituck County,NC,12850.702754050493,13227,Pickens County,GA,14509.34421304561,,,,,1,Recreation,0,1658.6414589951164,rucc_econtype_lowed
1309,2,True,18061,Harrison County,IN,18922.263943254948,24035,Queen Anne's County,MD,22690.377508431673,,,,,1,Recreation,0,3768.1135651767254,rucc_econtype_lowed
1310,2,True,18029,Dearborn County,IN,24128.168496072292,42103,Pike County,PA,25424.72139120102,,,,,1,Recreation,0,1296.552895128727,rucc_econtype_lowed
1311,2,True,54037,Jefferson County,WV,28020.984584629536,51199,York County,VA,31910.73921506293,,,,,1,Recreation,0,3889.7546304333955,rucc_econtype_lowed
1312,2,True,51095,James City County,VA,35577.03255531192,12089,Nassau County,FL,39650.166444957256,,,,,1,Recreation,0,4073.133889645338,rucc_econtype_lowed
1313,2,True,24009,Calvert County,MD,47254.9275832735,34037,Sussex County,NJ,76515.49330748408,,,,,1,Recreation,0,29260.56572421058,rucc_econtype_lowed
1314,2,True,48091,Comal County,TX,77104.16511434317,6017,El Dorado County,CA,86596.57010035473,,,,,1,Recreation,0,9492.404986011563,rucc_econtype_lowed
1315,2,True,6041,Marin County,CA,120098.33321264075,12109,St. Johns County,FL,123362.16966098419,,,,,1,Recreation,0,3263.8364483434416,rucc_econtype_lowed
1316,2,True,6061,Placer County,CA,186258.55645321583,12097,Osceola County,FL,191393.0575340318,,,,,1,Recreation,0,5134.501080815971,rucc_econtype_lowed
1317,2,True,34029,Ocean County,NJ,266779.97416354064,12099,Palm Beach County,FL,676367.0983993169,,,,,1,Recreation,0,409587.12423577625,rucc_econtype_lowed
1318,3,True,12095,Orange County,FL,734791.3584663061,36103,Suffolk County,NY,764950.0776912291,32003,Clark County,NV,1089010.0,1,Recreation,0,354218.6415336939,rucc_econtype_lowed
1319,2,True,13033,Burke County,GA,9525.131334543228,47057,Grainger County,TN,9596.788529083133,,,,,2,Nonspecialized,1,71.6571945399046,rucc_econtype_lowed
1320,2,True,47013,Campbell County,TN,15188.041131168604,22001,Acadia Parish,LA,23766.76432229532,,,,,2,Nonspecialized,1,8578.723191126715,rucc_econtype_lowed
1321,2,True,53021,Franklin County,WA,45005.906198853074,48375,Potter County,TX,48366.0,,,,,2,Nonspecialized,1,3360.093801146926,rucc_econtype_lowed
1322,2,True,48479,Webb County,TX,113478.0,6047,Merced County,CA,119811.23495306316,,,,,2,Nonspecialized,1,6333.234953063162,rucc_econtype_lowed
1323,2,True,48061,Cameron County,TX,170187.0,6107,Tulare County,CA,198690.72646388103,,,,,2,Nonspecialized,1,28503.72646388103,rucc_econtype_lowed
1324,2,True,6083,Santa Barbara County,CA,210593.68862398938,6099,Stanislaus County,CA,246134.98393428922,,,,,2,Nonspecialized,1,35541.29531029984,rucc_econtype_lowed
1325,2,True,6077,San Joaquin County,CA,347397.2086697469,48215,Hidalgo County,TX,353812.0,,,,,2,Nonspecialized,1,6414.791330253123,rucc_econtype_lowed
1326,3,True,6029,Kern County,CA,378902.65969796904,48141,El Paso County,TX,395503.0,6019,Fresno County,CA,441405.81382346473,2,Nonspecialized,1,62503.1541254957,rucc_econtype_lowed
1327,2,True,28143,Tunica County,MS,3812.323017247021,6065,Riverside County,CA,1096529.6554238978,,,,,1,Recreation,1,1092717.3324066508,rucc_econtype_lowed
1328,2,True,17005,Bond County,IL,7397.640649557114,13171,Lamar County,GA,7802.236168980598,,,,,1,Federal/State Government,0,404.5955194234848,rucc_econtype_lowed
1329,2,True,51670,Hopewell city,VA,10164.568902437102,12003,Baker County,FL,12397.833608731627,,,,,1,Federal/State Government,0,2233.2647062945252,rucc_econtype_lowed
1330,2,True,51145,Powhatan County,VA,14782.176222503185,51033,Caroline County,VA,15847.115822561747,,,,,1,Federal/State Government,0,1064.939600058562,rucc_econtype_lowed
1331,2,True,36073,Orleans County,NY,18923.751192986965,51149,Prince George County,VA,18978.84170114994,,,,,1,Federal/State Government,0,55.09050816297531,rucc_econtype_lowed
1332,2,True,55093,Pierce County,WI,19972.542185293918,36051,Livingston County,NY,28244.790374696255,,,,,1,Federal/State Government,0,8272.248189402337,rucc_econtype_lowed
1333,2,True,49045,Tooele County,UT,35038.01004758079,20103,Leavenworth County,KS,38179.78667791083,,,,,1,Federal/State Government,0,3141.7766303300377,rucc_econtype_lowed
1334,2,True,44005,Newport County,RI,42261.224866867065,21037,Campbell County,KY,44578.27213358879,,,,,1,Federal/State Government,0,2317.0472667217255,rucc_econtype_lowed
1335,2,True,51740,Portsmouth city,VA,46007.371027408866,17037,DeKalb County,IL,53294.52865540981,,,,,1,Federal/State Government,0,7287.157628000947,rucc_econtype_lowed
1336,2,True,44009,Washington County,RI,64294.951236248016,51650,Hampton city,VA,68473.49541909248,,,,,1,Federal/State Government,0,4178.54418284446,rucc_econtype_lowed
1337,2,True,33017,Strafford County,NH,70180.5099785864,9013,Tolland County,CT,76538.64991726354,,,,,1,Federal/State Government,0,6358.139938677137,rucc_econtype_lowed
1338,2,True,51179,Stafford County,VA,80859.00946528604,51510,Alexandria city,VA,97194.81120069697,,,,,1,Federal/State Government,0,16335.801735410932,rucc_econtype_lowed
1339,2,True,6113,Yolo County,CA,103649.73328278099,51760,Richmond city,VA,125556.47013950773,,,,,1,Federal/State Government,0,21906.73685672674,rucc_econtype_lowed
1340,2,True,51710,Norfolk city,VA,129142.3288355954,24025,Harford County,MD,132943.0,,,,,1,Federal/State Government,0,3800.671164404601,rucc_econtype_lowed
1341,2,True,51013,Arlington County,VA,148608.9605861085,40027,Cleveland County,OK,149390.40322443424,,,,,1,Federal/State Government,0,781.4426383257378,rucc_econtype_lowed
1342,2,True,48167,Galveston County,TX,168178.26190844306,22071,Orleans Parish,LA,177668.15059988457,,,,,1,Federal/State Government,0,9489.888691441505,rucc_econtype_lowed
1343,2,True,24510,Baltimore city,MD,280711.2374252677,24003,Anne Arundel County,MD,308857.8603760674,,,,,1,Federal/State Government,0,28146.622950799705,rucc_econtype_lowed
1344,2,True,11001,District of Columbia,DC,378034.0,24033,Prince George's County,MD,504905.84037201974,,,,,1,Federal/State Government,0,126871.84037201974,rucc_econtype_lowed
1345,2,True,24031,Montgomery County,MD,545351.0092154313,39049,Franklin County,OH,693293.9517772556,,,,,1,Federal/State Government,0,147942.94256182434,rucc_econtype_lowed
1346,2,True,48453,Travis County,TX,735557.7544523943,6067,Sacramento County,CA,757309.8077650156,,,,,1,Federal/State Government,0,21752.053312621312,rucc_econtype_lowed
1347,2,True,21023,Bracken County,KY,3318.7665108149813,51101,King William County,VA,8716.168833062053,,,,,1,Maufacturing,0,5397.402322247071,rucc_econtype_lowed
1348,2,True,22093,St. James Parish,LA,8983.155201430549,18143,Scott County,IN,11111.264422468346,,,,,1,Maufacturing,0,2128.1092210377974,rucc_econtype_lowed
1349,2,True,48015,Austin County,TX,13128.221609890461,18175,Washington County,IN,13451.078085088026,,,,,1,Maufacturing,0,322.8564751975646,rucc_econtype_lowed
1350,2,True,45023,Chester County,SC,13795.831833690405,27079,Le Sueur County,MN,14197.457029688943,,,,,1,Maufacturing,0,401.6251959985384,rucc_econtype_lowed
1351,2,True,29219,Warren County,MO,16236.996598383848,47047,Fayette County,TN,18627.903859078884,,,,,1,Maufacturing,0,2390.907260695036,rucc_econtype_lowed
1352,2,True,51093,Isle of Wight County,VA,18687.720606029034,22095,St. John the Baptist Parish,LA,18881.11556622386,,,,,1,Maufacturing,0,193.39496019482613,rucc_econtype_lowed
1353,2,True,48071,Chambers County,TX,18907.532205630603,47021,Cheatham County,TN,19532.902552449726,,,,,1,Maufacturing,0,625.3703468191234,rucc_econtype_lowed
1354,2,True,18145,Shelby County,IN,22329.030682623037,21211,Shelby County,KY,22896.638816552237,,,,,1,Maufacturing,0,567.6081339291995,rucc_econtype_lowed
1355,2,True,22089,St. Charles Parish,LA,23358.072748839855,48473,Waller County,TX,24761.857306867838,,,,,1,Maufacturing,0,1403.7845580279827,rucc_econtype_lowed
1356,2,True,39159,Union County,OH,29663.1870109476,47147,Robertson County,TN,34870.15084910416,,,,,1,Maufacturing,0,5206.96383815656,rucc_econtype_lowed
1357,2,True,37109,Lincoln County,NC,40902.15484846104,36117,Wayne County,NY,42418.527441889746,,,,,1,Maufacturing,0,1516.3725934287068,rucc_econtype_lowed
1358,2,True,39055,Geauga County,OH,45121.96559111262,55089,Ozaukee County,WI,47299.403733313084,,,,,1,Maufacturing,0,2177.4381422004662,rucc_econtype_lowed
1359,2,True,29071,Franklin County,MO,48939.1486722033,48231,Hunt County,TX,49697.10826445241,,,,,1,Maufacturing,0,757.9595922491062,rucc_econtype_lowed
1360,2,True,13015,Bartow County,GA,51862.57167926898,13217,Newton County,GA,52851.213124156,,,,,1,Maufacturing,0,988.64144488702,rucc_econtype_lowed
1361,2,True,27019,Carver County,MN,57055.31697717234,55131,Washington County,WI,70697.44219621638,,,,,1,Maufacturing,0,13642.125219044035,rucc_econtype_lowed
1362,2,True,18127,Porter County,IN,82630.77989790938,51700,Newport News city,VA,95497.48286994547,,,,,1,Maufacturing,0,12866.702972036088,rucc_econtype_lowed
1363,2,True,48139,Ellis County,TX,96222.87837370683,39085,Lake County,OH,116733.17832092871,,,,,1,Maufacturing,0,20510.29994722188,rucc_econtype_lowed
1364,2,True,39093,Lorain County,OH,143690.50220818154,47149,Rutherford County,TN,183750.34893513087,,,,,1,Maufacturing,0,40059.84672694933,rucc_econtype_lowed
1365,2,True,27003,Anoka County,MN,194649.5729549083,41067,Washington County,OR,313891.5337136829,,,,,1,Maufacturing,0,119241.9607587746,rucc_econtype_lowed
1366,3,True,53061,Snohomish County,WA,424355.50085405586,26099,Macomb County,MI,435361.4438065614,6085,Santa Clara County,CA,997289.4654506929,1,Maufacturing,0,572933.9645966371,rucc_econtype_lowed
1367,2,True,8019,Clear Creek County,CO,4620.067569643259,21191,Pendleton County,KY,7013.032911063048,,,,,1,Mining,0,2392.965341419789,rucc_econtype_lowed
1368,2,True,40083,Logan County,OK,21242.4593423903,48221,Hood County,TX,27590.659819391556,,,,,1,Mining,0,6348.200477001257,rucc_econtype_lowed
1369,3,True,42005,Armstrong County,PA,29754.916492775083,48497,Wise County,TX,31123.969444021,40109,Oklahoma County,OK,383124.1761563206,1,Mining,0,353369.2596635455,rucc_econtype_lowed
1370,2,True,16033,Clark County,ID,330.50220058637206,30051,Liberty County,MT,869.6520008835942,,,,,9,Farming,1,539.1498002972221,rucc_econtype_lowed
1371,2,True,40025,Cimarron County,OK,993.6263985782862,20187,Stanton County,KS,998.5391994547099,,,,,9,Farming,1,4.9128008764237165,rucc_econtype_lowed
1372,2,True,20203,Wichita County,KS,1031.2199985906482,48079,Cochran County,TX,1056.782996693626,,,,,9,Farming,1,25.562998102977872,rucc_econtype_lowed
1373,2,True,40057,Harmon County,OK,1060.5036989673972,48421,Sherman County,TX,1196.347798138857,,,,,9,Farming,1,135.84409917145967,rucc_econtype_lowed
1374,2,True,20075,Hamilton County,KS,1207.3840054273605,48191,Hall County,TX,1211.3962051048875,,,,,9,Farming,1,4.012199677526951,rucc_econtype_lowed
1375,2,True,46007,Bennett County,SD,1280.0241030082107,22107,Tensas Parish,LA,1399.4103041607887,,,,,9,Farming,1,119.386201152578,rucc_econtype_lowed
1376,2,True,8023,Costilla County,CO,1450.241996794939,35059,Union County,NM,1740.478408196941,,,,,9,Farming,1,290.236411402002,rucc_econtype_lowed
1377,2,True,20081,Haskell County,KS,1814.3391990531236,20093,Kearny County,KS,1912.2352075465024,,,,,9,Farming,1,97.89600849337876,rucc_econtype_lowed
1378,2,True,16063,Lincoln County,ID,2398.232511702925,8109,Saguache County,CO,2643.5147103592753,,,,,9,Farming,1,245.28219865635037,rucc_econtype_lowed
1379,3,True,20069,Gray County,KS,2714.982400480658,22123,West Carroll Parish,LA,3292.0416289046407,21045,Casey County,KY,6446.960206139593,9,Farming,1,3731.977805658935,rucc_econtype_lowed
1380,2,True,13259,Stewart County,GA,2151.726597495377,8073,Lincoln County,CO,2455.5483975335956,,,,,8,Federal/State Government,1,303.8218000382185,rucc_econtype_lowed
1381,2,True,8025,Crowley County,CO,2564.0486544668674,12077,Liberty County,FL,2935.7300173975527,,,,,8,Federal/State Government,1,371.6813629306853,rucc_econtype_lowed
1382,2,True,45065,McCormick County,SC,3904.199695467949,47007,Bledsoe County,TN,5990.97158285894,,,,,8,Federal/State Government,1,2086.7718873909907,rucc_econtype_lowed
1383,2,True,47181,Wayne County,TN,6706.612099319696,51105,Lee County,VA,7471.953317709267,,,,,8,Federal/State Government,1,765.3412183895707,rucc_econtype_lowed
1384,3,True,37185,Warren County,NC,7753.685998059809,37079,Greene County,NC,8781.829254534612,37033,Caswell County,NC,10138.572906453803,8,Federal/State Government,1,2384.8869083939935,rucc_econtype_lowed
1385,2,True,48391,Refugio County,TX,2650.13848426193,20073,Greenwood County,KS,2761.958977460861,,,,,6,Mining,0,111.82049319893122,rucc_econtype_lowed
1386,2,True,8065,Lake County,CO,2927.4426028728485,40011,Blaine County,OK,3784.7539086083707,,,,,6,Mining,0,857.3113057355222,rucc_econtype_lowed
1387,2,True,48237,Jack County,TX,3836.64961392805,40061,Haskell County,OK,4459.657509565353,,,,,6,Mining,0,623.0078956373036,rucc_econtype_lowed
1388,2,True,27075,Lake County,MN,4781.553010746837,22059,La Salle Parish,LA,5242.013407066814,,,,,6,Mining,0,460.460396319977,rucc_econtype_lowed
1389,2,True,17193,White County,IL,5494.331360874625,16079,Shoshone County,ID,5608.080396398902,,,,,6,Mining,0,113.74903552427713,rucc_econtype_lowed
1390,2,True,21225,Union County,KY,5717.702136084437,30003,Big Horn County,MT,6030.8855827227235,,,,,6,Mining,0,313.1834466382861,rucc_econtype_lowed
1391,2,True,54109,Wyoming County,WV,6065.534804910421,54001,Barbour County,WV,6304.476011537015,,,,,6,Mining,0,238.94120662659407,rucc_econtype_lowed
1392,2,True,40073,Kingfisher County,OK,6576.438392081342,39067,Harrison County,OH,6645.751479640603,,,,,6,Mining,0,69.31308755926148,rucc_econtype_lowed
1393,2,True,56009,Converse County,WY,6802.452610641718,48133,Eastland County,TX,7215.836986981332,,,,,6,Mining,0,413.3843763396144,rucc_econtype_lowed
1394,2,True,48233,Hutchinson County,TX,8863.507459640503,48365,Panola County,TX,8889.933414280415,,,,,6,Mining,0,26.42595463991165,rucc_econtype_lowed
1395,2,True,54067,Nicholas County,WV,8979.035694912076,48337,Montague County,TX,9042.268922060728,,,,,6,Mining,0,63.23322714865208,rucc_econtype_lowed
1396,2,True,48179,Gray County,TX,9119.3304104954,54045,Logan County,WV,9238.855421692133,,,,,6,Mining,0,119.52501119673252,rucc_econtype_lowed
1397,2,True,17165,Saline County,IL,9411.013155341148,40049,Garvin County,OK,10827.026073825778,,,,,6,Mining,0,1416.01291848463,rucc_econtype_lowed
1398,2,True,48363,Palo Pinto County,TX,12716.05995662883,8029,Delta County,CO,13139.0197429955,,,,,6,Mining,0,422.9597863666713,rucc_econtype_lowed
1399,3,True,42059,Greene County,PA,15659.70370349288,42115,Susquehanna County,PA,16424.55111351027,48097,Cooke County,TX,19018.126101359725,6,Mining,0,3358.422397866845,rucc_econtype_lowed
1400,2,True,8117,Summit County,CO,17352.94434711337,41041,Lincoln County,OR,20786.945813298225,,,,,5,Recreation,0,3434.0014661848545,rucc_econtype_lowed
1401,2,True,26103,Marquette County,MI,28943.82467132673,8037,Eagle County,CO,31140.890170782804,,,,,5,Recreation,0,2197.0654994560755,rucc_econtype_lowed
1402,2,True,15007,Kauai County,HI,34708.45129776001,33009,Grafton County,NH,41402.58707979834,,,,,5,Recreation,0,6694.135782038327,rucc_econtype_lowed
1403,2,True,26055,Grand Traverse County,MI,43328.10943362728,30029,Flathead County,MT,46682.45277871564,,,,,5,Recreation,0,3354.3433450883604,rucc_econtype_lowed
1404,2,True,17013,Calhoun County,IL,1986.1834045760334,21223,Trimble County,KY,3981.082396943675,,,,,1,Farming,0,1994.8989923676418,rucc_econtype_lowed
1405,2,True,29025,Caldwell County,MO,4299.634713750995,20107,Linn County,KS,4301.337898470461,,,,,1,Farming,0,1.7031847194666625,rucc_econtype_lowed
1406,2,True,37073,Gates County,NC,4793.76920928061,27143,Sibley County,MN,7219.41719725728,,,,,1,Farming,0,2425.6479879766703,rucc_econtype_lowed
1407,2,True,21103,Henry County,KY,7364.370407766197,29013,Bates County,MO,7866.264208585024,,,,,1,Farming,0,501.893800818827,rucc_econtype_lowed
1408,3,True,21215,Spencer County,KY,9882.132616113631,8039,Elbert County,CO,13011.123136624694,48493,Wilson County,TX,20799.192833185196,1,Farming,0,10917.060217071565,rucc_econtype_lowed
1409,2,True,20111,Lyon County,KS,14764.995926052332,16057,Latah County,ID,16824.536767867758,,,,,4,Federal/State Government,0,2059.5408418154257,rucc_econtype_lowed
1410,2,True,28149,Warren County,MS,17698.051866173744,13009,Baldwin County,GA,18102.717568108812,,,,,4,Federal/State Government,0,404.6657019350678,rucc_econtype_lowed
1411,2,True,42119,Union County,PA,18384.93241158547,22061,Lincoln Parish,LA,18419.834223701153,,,,,4,Federal/State Government,0,34.90181211568415,rucc_econtype_lowed
1412,2,True,37139,Pasquotank County,NC,18553.2685983181,48143,Erath County,TX,19039.084196537733,,,,,4,Federal/State Government,0,485.8155982196331,rucc_econtype_lowed
1413,2,True,56001,Albany County,WY,19042.73521232605,8043,Fremont County,CO,19287.20285201166,,,,,4,Federal/State Government,0,244.46763968560845,rucc_econtype_lowed
1414,2,True,53037,Kittitas County,WA,20074.55252213069,20061,Geary County,KS,20076.907481491566,,,,,4,Federal/State Government,0,2.354959360876819,rucc_econtype_lowed
1415,2,True,53075,Whitman County,WA,21768.955829560757,28071,Lafayette County,MS,23627.816067534324,,,,,4,Federal/State Government,0,1858.8602379735676,rucc_econtype_lowed
1416,2,True,13039,Camden County,GA,24064.935651779175,21073,Franklin County,KY,24307.603306188277,,,,,4,Federal/State Government,0,242.6676544091024,rucc_econtype_lowed
1417,2,True,49021,Iron County,UT,25506.775643467903,12023,Columbia County,FL,26045.409283667803,,,,,4,Federal/State Government,0,538.6336401998997,rucc_econtype_lowed
1418,2,True,29101,Johnson County,MO,26330.669486135244,39009,Athens County,OH,26848.468073785305,,,,,4,Federal/State Government,0,517.7985876500607,rucc_econtype_lowed
1419,2,True,37077,Granville County,NC,27193.67734240851,35035,Otero County,NM,27449.19985473156,,,,,4,Federal/State Government,0,255.52251232304843,rucc_econtype_lowed
1420,2,True,40101,Muskogee County,OK,27593.902053380967,29187,St. Francois County,MO,27637.82078186689,,,,,4,Federal/State Government,0,43.91872848592175,rucc_econtype_lowed
1421,2,True,48471,Walker County,TX,28879.78619492054,50023,Washington County,VT,28964.398789504485,,,,,4,Federal/State Government,0,84.61259458394488,rucc_econtype_lowed
1422,2,True,26073,Isabella County,MI,28998.087392300367,39141,Ross County,OH,33115.91747995862,,,,,4,Federal/State Government,0,4117.830087658251,rucc_econtype_lowed
1423,2,True,40119,Payne County,OK,34242.140308674236,13031,Bulloch County,GA,38311.00150928472,,,,,4,Federal/State Government,0,4068.8612006104813,rucc_econtype_lowed
1424,2,True,21151,Madison County,KY,41835.510232086526,36089,St. Lawrence County,NY,45291.12553471164,,,,,4,Federal/State Government,0,3455.6153026251122,rucc_econtype_lowed
1425,2,True,23011,Kennebec County,ME,57085.0,33013,Merrimack County,NH,77273.04810817714,,,,,4,Federal/State Government,0,20188.048108177143,rucc_econtype_lowed
1426,2,True,20051,Ellis County,KS,13895.689411252737,30093,Silver Bow County,MT,15861.820258021355,,,,,5,Mining,0,1966.1308467686176,rucc_econtype_lowed
1427,2,True,56037,Sweetwater County,WY,19453.62906077504,40019,Carter County,OK,20052.42974922771,,,,,5,Mining,0,598.8006884526694,rucc_econtype_lowed
1428,2,True,56005,Campbell County,WY,21680.992845267057,32007,Elko County,NV,22275.555667579174,,,,,5,Mining,0,594.5628223121166,rucc_econtype_lowed
1429,2,True,35015,Eddy County,NM,27130.19734704343,8045,Garfield County,CO,31828.4656304121,,,,,5,Mining,0,4698.26828336867,rucc_econtype_lowed
1430,2,True,48229,Hudspeth County,TX,1336.306902565062,22125,West Feliciana Parish,LA,6199.52950835228,,,,,2,Federal/State Government,1,4863.222605787218,rucc_econtype_lowed
1431,2,True,48145,Falls County,TX,6728.36131297268,22037,East Feliciana Parish,LA,7929.8537911446765,,,,,2,Federal/State Government,1,1201.4924781719965,rucc_econtype_lowed
1432,2,True,28163,Yazoo County,MS,12032.008167088032,12039,Gadsden County,FL,16123.619070827961,,,,,2,Federal/State Government,1,4091.610903739929,rucc_econtype_lowed
1433,2,True,48189,Hale County,TX,13515.832936614752,12093,Okeechobee County,FL,15865.942259824165,,,,,4,Nonspecialized,1,2350.1093232094136,rucc_econtype_lowed
1434,2,True,48481,Wharton County,TX,18094.762929677963,37181,Vance County,NC,19005.748193234205,,,,,4,Nonspecialized,1,910.985263556242,rucc_econtype_lowed
1435,2,True,48349,Navarro County,TX,20904.284257228952,48427,Starr County,TX,25179.902086794376,,,,,4,Nonspecialized,1,4275.6178295654245,rucc_econtype_lowed
1436,2,True,12107,Putnam County,FL,28941.14808946848,37171,Surry County,NC,29863.142005136615,,,,,4,Nonspecialized,1,921.9939156681357,rucc_econtype_lowed
1437,2,True,22097,St. Landry Parish,LA,31037.03899076651,37155,Robeson County,NC,43682.67196052364,,,,,4,Nonspecialized,1,12645.632969757135,rucc_econtype_lowed
1438,2,True,30037,Golden Valley County,MT,376.57619659695774,38065,Oliver County,ND,920.7763992818072,,,,,3,Farming,0,544.2002026848495,rucc_econtype_lowed
1439,2,True,13007,Baker County,GA,1068.7152021229267,53013,Columbia County,WA,1793.961607053876,,,,,3,Farming,0,725.2464049309492,rucc_econtype_lowed
1440,2,True,40033,Cotton County,OK,2306.629701256752,31051,Dixon County,NE,2714.48610288091,,,,,3,Farming,0,407.856401624158,rucc_econtype_lowed
1441,2,True,48175,Goliad County,TX,2933.6354976296425,46087,McCook County,SD,2944.1659973189235,,,,,3,Farming,0,10.530499689280987,rucc_econtype_lowed
1442,2,True,31093,Howard County,NE,3034.6856940686703,20197,Wabaunsee County,KS,3163.72559282741,,,,,3,Farming,0,129.03989875873958,rucc_econtype_lowed
1443,2,True,31121,Merrick County,NE,3596.624886328842,21149,McLean County,KY,3832.4527783105004,,,,,3,Farming,0,235.82789198165847,rucc_econtype_lowed
1444,2,True,37103,Jones County,NC,4000.1397943645716,18007,Benton County,IN,4027.5995792225003,,,,,3,Farming,0,27.459784857928753,rucc_econtype_lowed
1445,2,True,31081,Hamilton County,NE,4416.222109999391,46125,Turner County,SD,4491.553099550307,,,,,3,Farming,0,75.33098955091555,rucc_econtype_lowed
1446,2,True,29017,Bollinger County,MO,4886.8331839591265,17129,Menard County,IL,5529.684572554688,,,,,3,Farming,0,642.8513885955617,rucc_econtype_lowed
1447,2,True,48059,Callahan County,TX,5583.224981419742,19075,Grundy County,IA,5706.68016910553,,,,,3,Farming,0,123.45518768578768,rucc_econtype_lowed
1448,2,True,16041,Franklin County,ID,6330.091085329652,13027,Brooks County,GA,6618.353480011225,,,,,3,Farming,0,288.2623946815729,rucc_econtype_lowed
1449,2,True,13221,Oglethorpe County,GA,6619.5754848867655,51063,Floyd County,VA,6950.926811538637,,,,,3,Farming,0,331.3513266518712,rucc_econtype_lowed
1450,2,True,20139,Osage County,KS,7254.093229010701,17147,Piatt County,IL,7499.147728247859,,,,,3,Farming,0,245.05449923715787,rucc_econtype_lowed
1451,3,True,21003,Allen County,KY,8449.281411741824,20087,Jefferson County,KS,8613.754478901625,16051,Jefferson County,ID,15030.693466980374,3,Farming,0,6581.41205523855,rucc_econtype_lowed
1452,2,True,28055,Issaquena County,MS,477.24300163798034,48095,Concho County,TX,1313.4464114066213,,,,,8,Farming,1,836.203409768641,rucc_econtype_lowed
1453,2,True,28125,Sharkey County,MS,1350.1489992886782,13037,Calhoun County,GA,2070.0744054727256,,,,,8,Farming,1,719.9254061840475,rucc_econtype_lowed
1454,3,True,47067,Hancock County,TN,2577.170396525413,13315,Wilcox County,GA,3374.125,21135,Lewis County,KY,5157.758020253619,8,Farming,1,2580.5876237282064,rucc_econtype_lowed
1455,2,True,48443,Terrell County,TX,309.4927002172917,48137,Edwards County,TX,569.5306044518948,,,,,9,Federal/State Government,1,260.03790423460305,rucc_econtype_lowed
1456,2,True,48109,Culberson County,TX,912.5101017653942,13061,Clay County,GA,1149.9341962747276,,,,,9,Federal/State Government,1,237.42409450933337,rucc_econtype_lowed
1457,2,True,37177,Tyrrell County,NC,1351.7984973974526,21165,Menifee County,KY,2408.357694717095,,,,,9,Federal/State Government,1,1056.5591973196424,rucc_econtype_lowed
1458,2,True,21063,Elliott County,KY,2671.8761951737106,47095,Lake County,TN,2911.4900077544153,,,,,9,Federal/State Government,1,239.6138125807047,rucc_econtype_lowed
1459,2,True,51159,Richmond County,VA,3618.5039714872837,51111,Lunenburg County,VA,4667.057992637157,,,,,9,Federal/State Government,1,1048.5540211498737,rucc_econtype_lowed
1460,3,True,21175,Morgan County,KY,5409.602107660961,21147,McCreary County,KY,6371.454421304603,46017,Buffalo County,SD,,9,Federal/State Government,1,961.8523136436415,rucc_econtype_lowed
1461,2,True,31043,Dakota County,NE,10463.761621914804,13213,Murray County,GA,17458.820108950138,,,,,3,Maufacturing,1,6995.058487035334,rucc_econtype_lowed
1462,2,True,13313,Whitfield County,GA,48147.50438254248,13139,Hall County,GA,96327.5653446212,,,,,3,Maufacturing,1,48180.060962078715,rucc_econtype_lowed
1463,2,True,21077,Gallatin County,KY,4161.357205867767,13143,Haralson County,GA,13265.015020509265,,,,,1,Maufacturing,1,9103.657814641498,rucc_econtype_lowed
1464,2,True,51183,Sussex County,VA,4780.131097238511,13199,Meriwether County,GA,8949.862086241366,,,,,1,Federal/State Government,1,4169.7309890028555,rucc_econtype_lowed
1465,2,True,48207,Haskell County,TX,2202.486010067165,27167,Wilkin County,MN,3036.9761887565255,,,,,6,Farming,0,834.4901786893606,rucc_econtype_lowed
1466,2,True,48083,Coleman County,TX,3126.6060012429953,13253,Seminole County,GA,3394.742392361164,,,,,6,Farming,0,268.13639111816883,rucc_econtype_lowed
1467,2,True,48193,Hamilton County,TX,3460.6602066084743,20003,Anderson County,KS,3511.210499867797,,,,,6,Farming,0,50.55029325932264,rucc_econtype_lowed
1468,2,True,16077,Power County,ID,3516.0726015157998,29033,Carroll County,MO,3735.269711777568,,,,,6,Farming,0,219.1971102617681,rucc_econtype_lowed
1469,2,True,31023,Butler County,NE,3909.658301147094,19133,Monona County,IA,4007.661304220557,,,,,6,Farming,0,98.00300307346333,rucc_econtype_lowed
1470,2,True,19073,Greene County,IA,4013.204413920641,40105,Nowata County,OK,4023.0647940188646,,,,,6,Farming,0,9.860380098223686,rucc_econtype_lowed
1471,2,True,48399,Runnels County,TX,4027.6230003014207,27117,Pipestone County,MN,4384.4877294152975,,,,,6,Farming,0,356.8647291138768,rucc_econtype_lowed
1472,2,True,29089,Howard County,MO,4465.806611001492,19089,Howard County,IA,4513.003197699785,,,,,6,Farming,0,47.196586698293686,rucc_econtype_lowed
1473,2,True,27133,Rock County,MN,4514.4980686903,40107,Okfuskee County,OK,4645.5448247550885,,,,,6,Farming,0,131.0467560647885,rucc_econtype_lowed
1474,2,True,31179,Wayne County,NE,4703.317464563996,38003,Barnes County,ND,4952.4447284936905,,,,,6,Farming,0,249.1272639296949,rucc_econtype_lowed
1475,2,True,48387,Red River County,TX,4953.819219626486,27165,Watonwan County,MN,5327.0371024385095,,,,,6,Farming,0,373.21788281202316,rucc_econtype_lowed
1476,2,True,17061,Greene County,IL,5366.644021332264,38099,Walsh County,ND,5419.931084439158,,,,,6,Farming,0,53.28706310689449,rucc_econtype_lowed
1477,2,True,20115,Marion County,KS,5425.350034676492,27043,Faribault County,MN,6594.120600150665,,,,,6,Farming,0,1168.770565474173,rucc_econtype_lowed
1478,2,True,19079,Hamilton County,IA,6960.0721260231585,48035,Bosque County,TX,7230.2038960296195,,,,,6,Farming,0,270.131770006461,rucc_econtype_lowed
1479,2,True,38077,Richland County,ND,7547.740957796574,48287,Lee County,TX,7562.447682170547,,,,,6,Farming,0,14.706724373972975,rucc_econtype_lowed
1480,2,True,19083,Hardin County,IA,7812.57564085722,19171,Tama County,IA,8266.014985069633,,,,,6,Farming,0,453.43934421241283,rucc_econtype_lowed
1481,2,True,48285,Lavaca County,TX,8502.977786928415,17173,Shelby County,IL,9440.186568379402,,,,,6,Farming,0,937.2087814509869,rucc_econtype_lowed
1482,2,True,48331,Milam County,TX,10017.135429535607,48149,Fayette County,TX,10571.209990754724,,,,,6,Farming,0,554.0745612191167,rucc_econtype_lowed
1483,2,True,17075,Iroquois County,IL,11439.091975652133,55123,Vernon County,WI,14270.103529334068,,,,,6,Farming,0,2831.0115536819358,rucc_econtype_lowed
1484,2,True,53047,Okanogan County,WA,15636.897561968653,48467,Van Zandt County,TX,23369.686867550918,,,,,6,Farming,0,7732.789305582264,rucc_econtype_lowed
1485,2,True,48235,Irion County,TX,602.6593994647264,13289,Twiggs County,GA,3318.232599493116,,,,,3,Mining,0,2715.5732000283897,rucc_econtype_lowed
1486,2,True,48009,Archer County,TX,3876.6516085841868,48077,Clay County,TX,4630.1660770103335,,,,,3,Mining,0,753.5144684261468,rucc_econtype_lowed
1487,2,True,18153,Sullivan County,IN,8926.204010039568,48401,Rusk County,TX,20639.674820154905,,,,,3,Mining,0,11713.470810115337,rucc_econtype_lowed
1488,2,True,54081,Raleigh County,WV,27490.74748700857,39013,Belmont County,OH,28224.773757636547,,,,,3,Mining,0,734.0262706279755,rucc_econtype_lowed
1489,2,True,56025,Natrona County,WY,39566.078603982925,48469,Victoria County,TX,41252.76073682308,,,,,3,Mining,0,1686.6821328401566,rucc_econtype_lowed
1490,2,True,35045,San Juan County,NM,46824.92597561388,48183,Gregg County,TX,54957.06616611127,,,,,3,Mining,0,8132.14019049739,rucc_econtype_lowed
1491,2,True,48485,Wichita County,TX,60781.84427830203,48329,Midland County,TX,85949.63689262356,,,,,3,Mining,0,25167.79261432153,rucc_econtype_lowed
1492,2,True,48431,Sterling County,TX,544.6168032474816,48413,Schleicher County,TX,973.9681014195085,,,,,8,Mining,0,429.3512981720269,rucc_econtype_lowed
1493,2,True,48417,Shackelford County,TX,1262.963999139145,48081,Coke County,TX,1305.488794438541,,,,,8,Mining,0,42.52479529939592,rucc_econtype_lowed
1494,2,True,48461,Upton County,TX,1313.9684956150013,20019,Chautauqua County,KS,1550.1000009179115,,,,,8,Mining,0,236.13150530291023,rucc_econtype_lowed
1495,2,True,16037,Custer County,ID,1766.663504421711,30065,Musselshell County,MT,2168.290808685124,,,,,8,Mining,0,401.62730426341295,rucc_econtype_lowed
1496,2,True,20077,Harper County,KS,2416.423180103302,13319,Wilkinson County,GA,3672.751483153552,,,,,8,Mining,0,1256.3283030502498,rucc_econtype_lowed
1497,2,True,48297,Live Oak County,TX,4320.286211997271,30095,Stillwater County,MT,4661.698115339503,,,,,8,Mining,0,341.4119033422321,rucc_econtype_lowed
1498,2,True,18125,Pike County,IN,5632.447478629649,48289,Leon County,TX,6360.4214016497135,,,,,8,Mining,0,727.9739230200648,rucc_econtype_lowed
1499,3,True,48317,Martin County,TX,2079.116904042661,13321,Worth County,GA,9040.970430612564,53017,Douglas County,WA,19765.50573131442,3,Farming,1,17686.38882727176,rucc_econtype_lowed
1500,3,True,48107,Crosby County,TX,2133.6951713375747,48305,Lynn County,TX,2324.9226131662726,16073,Owyhee County,ID,5413.780977144837,2,Farming,1,3280.0858058072627,rucc_econtype_lowed
1501,2,True,48105,Crockett County,TX,1229.1915998961776,51720,Norton city,VA,1242.2199992500246,,,,,7,Mining,1,13.028399353846908,rucc_econtype_lowed
1502,2,True,48435,Sutton County,TX,1340.478297220543,48501,Yoakum County,TX,3199.3584949726355,,,,,7,Mining,1,1858.8801977520925,rucc_econtype_lowed
1503,2,True,20067,Grant County,KS,3530.7824005559087,48131,Duval County,TX,3755.739912942052,,,,,7,Mining,1,224.9575123861432,rucc_econtype_lowed
1504,2,True,48357,Ochiltree County,TX,4303.8424208164215,54047,McDowell County,WV,5421.145207077265,,,,,7,Mining,1,1117.3027862608433,rucc_econtype_lowed
1505,2,True,48389,Reeves County,TX,6159.199508577585,48371,Pecos County,TX,6219.337304204702,,,,,7,Mining,1,60.13779562711716,rucc_econtype_lowed
1506,2,True,54059,Mingo County,WV,6685.058200314641,17101,Lawrence County,IL,6777.01342959702,,,,,7,Mining,1,91.95522928237915,rucc_econtype_lowed
1507,2,True,48415,Scurry County,TX,6892.39499027282,21013,Bell County,KY,7813.457018317626,,,,,7,Mining,1,921.0620280448056,rucc_econtype_lowed
1508,2,True,21095,Harlan County,KY,8697.244315379285,48165,Gaines County,TX,9019.283481091261,,,,,7,Mining,1,322.03916571197624,rucc_econtype_lowed
1509,2,True,21193,Perry County,KY,9133.274809598923,21071,Floyd County,KY,11585.343796399422,,,,,7,Mining,1,2452.0689868004993,rucc_econtype_lowed
1510,2,True,51195,Wise County,VA,12174.94581092894,21195,Pike County,KY,18912.483745276928,,,,,7,Mining,1,6737.537934347987,rucc_econtype_lowed
1511,2,True,48359,Oldham County,TX,752.4199998639524,48011,Armstrong County,TX,797.5651895422488,,,,,2,Farming,0,45.14518967829645,rucc_econtype_lowed
1512,2,True,17175,Stark County,IL,2396.8763977757408,19077,Guthrie County,IA,4869.435003422201,,,,,2,Farming,0,2472.55860564646,rucc_econtype_lowed
1513,3,True,19085,Harrison County,IA,6734.89831250906,29059,Dallas County,MO,6827.991992264986,51169,Scott County,VA,7268.176762416959,2,Farming,0,533.2784499078989,rucc_econtype_lowed
1514,2,True,20125,Montgomery County,KS,13892.891715079546,26041,Delta County,MI,14844.030532308738,,,,,5,Maufacturing,0,951.1388172291918,rucc_econtype_lowed
1515,2,True,19111,Lee County,IA,15167.947702497244,47045,Dyer County,TN,15304.915796756744,,,,,5,Maufacturing,0,136.9680942595005,rucc_econtype_lowed
1516,2,True,19179,Wapello County,IA,16423.665186085607,31141,Platte County,NE,16618.388449400663,,,,,5,Maufacturing,0,194.7232633150561,rucc_econtype_lowed
1517,2,True,46011,Brookings County,SD,16634.207236230373,19057,Des Moines County,IA,17588.194200754166,,,,,5,Maufacturing,0,953.9869645237923,rucc_econtype_lowed
1518,2,True,27147,Steele County,MN,18032.258696493074,18037,Dubois County,IN,20055.420039325953,,,,,5,Maufacturing,0,2023.1613428328783,rucc_econtype_lowed
1519,2,True,48277,Lamar County,TX,21408.296079546213,28081,Lee County,MS,38142.2841121573,,,,,5,Maufacturing,0,16733.988032611087,rucc_econtype_lowed
1520,3,True,20175,Seward County,KS,10553.188726320863,20057,Ford County,KS,16479.160023272038,20055,Finney County,KS,18489.29126277566,5,Maufacturing,1,7936.102536454797,rucc_econtype_lowed
1521,2,True,20095,Kingman County,KS,3294.2456183731556,40117,Pawnee County,OK,6391.387988820672,,,,,2,Mining,0,3097.1423704475164,rucc_econtype_lowed
1522,2,True,22031,De Soto Parish,LA,10210.284651397487,40113,Osage County,OK,19685.833126752404,,,,,2,Mining,0,9475.548475354917,rucc_econtype_lowed
1523,3,True,22113,Vermilion Parish,LA,23708.455683884094,22055,Lafayette Parish,LA,117329.16829877067,40143,Tulsa County,OK,319809.6782437061,2,Mining,0,296101.222559822,rucc_econtype_lowed
1524,2,True,48261,Kenedy County,TX,143.35240039648488,48311,McMullen County,TX,227.62060052901506,,,,,9,Mining,1,84.26820013253018,rucc_econtype_lowed
1525,2,True,32027,Pershing County,NV,2758.885799460113,54101,Webster County,WV,3047.9776370301843,,,,,9,Mining,1,289.0918375700712,rucc_econtype_lowed
1526,2,True,21131,Leslie County,KY,3371.296179190278,21159,Martin County,KY,3641.3816047273576,,,,,9,Mining,1,270.0854255370796,rucc_econtype_lowed
1527,2,True,21119,Knott County,KY,4571.42600782997,51051,Dickenson County,VA,4758.892405942082,,,,,9,Mining,1,187.46639811211207,rucc_econtype_lowed
1528,2,True,51027,Buchanan County,VA,6858.244190014899,21133,Letcher County,KY,6913.1367882192135,,,,,9,Mining,1,54.89259820431471,rucc_econtype_lowed
1529,2,True,54013,Calhoun County,WV,2184.6212889142334,21233,Webster County,KY,5446.195184049313,,,,,8,Mining,1,3261.5738951350795,rucc_econtype_lowed
1530,2,True,48383,Reagan County,TX,1344.4570983797312,48103,Crane County,TX,1960.6517928733956,,,,,6,Mining,1,616.1946944936644,rucc_econtype_lowed
1531,2,True,48169,Garza County,TX,2415.5039923861623,48283,La Salle County,TX,2686.5974089950323,,,,,6,Mining,1,271.09341660887003,rucc_econtype_lowed
1532,2,True,48495,Winkler County,TX,3254.236797824502,48127,Dimmit County,TX,3471.548307970166,,,,,6,Mining,1,217.31151014566422,rucc_econtype_lowed
1533,2,True,48475,Ward County,TX,4862.142788514495,48445,Terry County,TX,4916.557135820389,,,,,6,Mining,1,54.4143473058939,rucc_econtype_lowed
1534,2,True,54087,Roane County,WV,4920.125190375176,48505,Zapata County,TX,5304.880268856883,,,,,6,Mining,1,384.75507848170673,rucc_econtype_lowed
1535,2,True,22027,Claiborne Parish,LA,5399.983416602714,48003,Andrews County,TX,7771.9086012244225,,,,,6,Mining,1,2371.9251846217085,rucc_econtype_lowed
1536,2,True,48163,Frio County,TX,7796.766614347696,48219,Hockley County,TX,8950.853497094431,,,,,6,Mining,1,1154.0868827467348,rucc_econtype_lowed
1537,2,True,54043,Lincoln County,WV,7732.932595639024,22045,Iberia Parish,LA,29033.948909143917,,,,,2,Mining,1,21301.016313504893,rucc_econtype_lowed
1538,3,True,48227,Howard County,TX,13843.731320858002,48249,Jim Wells County,TX,15903.204578787088,22101,St. Mary Parish,LA,19714.70909434557,4,Mining,1,5870.977773487568,rucc_econtype_lowed
1539,3,True,28083,Leflore County,MS,10884.048608660698,28151,Washington County,MS,15961.127041399479,35005,Chaves County,NM,25943.101933732527,5,Nonspecialized,1,15059.053325071829,rucc_econtype_lowed
1540,3,True,48465,Val Verde County,TX,18981.144888222218,48323,Maverick County,TX,23090.885966539383,35031,McKinley County,NM,24975.038477822687,5,Federal/State Government,1,5993.89358960047,rucc_econtype_lowed
1541,2,True,40137,Stephens County,OK,17343.29978292527,40147,Washington County,OK,21564.38231986761,,,,,4,Mining,0,4221.08253694234,rucc_econtype_lowed
1542,3,True,54049,Marion County,WV,24589.036794781685,48203,Harrison County,TX,29190.19986486435,42063,Indiana County,PA,37754.263996185735,4,Mining,0,13165.22720140405,rucc_econtype_lowed
1543,2,True,48013,Atascosa County,TX,20769.84708862834,48201,Harris County,TX,2316807.040110129,,,,,1,Mining,1,2296037.1930215005,rucc_econtype_lowed
1544,2,True,54015,Clay County,WV,3171.11790796509,48395,Robertson County,TX,6783.844808944617,,,,,3,Mining,1,3612.7269009795273,rucc_econtype_lowed
1545,3,True,48051,Burleson County,TX,7137.296390727162,54005,Boone County,WV,8278.60809391737,48135,Ector County,TX,76039.92553520203,3,Mining,1,68902.62914447486,rucc_econtype_lowed
1546,2,False,6053,Monterey County,CA,193871.0994399581,8069,Larimer County,CO,190069.8917177379,,,,,2,Recreation,,3801.2077222202206,rucc_econtype_lowed_dropped
1547,2,False,35025,Lea County,NM,32417.931115031242,8045,Garfield County,CO,31828.4656304121,,,,,5,Mining,,589.4654846191406,rucc_econtype_lowed_dropped
1548,2,False,37005,Alleghany County,NC,4562.716177030001,37043,Clay County,NC,4560.360295712948,,,,,9,Recreation,,2.35588131705299,rucc_econtype_lowed_dropped
1549,2,False,12051,Hendry County,FL,15894.965325101977,16051,Jefferson County,ID,15030.693466980374,,,,,4,Farming,,864.2718581216031,econtype_only_nearest_rucc_pop
1550,2,False,53025,Grant County,WA,44872.09601888154,48467,Van Zandt County,TX,23369.686867550918,,,,,5,Farming,,21502.40915133062,econtype_only_nearest_rucc_pop
